Area_Name,Year,Group_Name,Sub_Group_Name,Victims_Above_50_Yrs,Victims_Total,Victims_Upto_10_15_Yrs,Victims_Upto_10_Yrs,Victims_Upto_15_18_Yrs,Victims_Upto_18_30_Yrs,Victims_Upto_30_50_Yrs
Andaman & Nicobar Islands,2001,Murder - Female Victims,2. Female Victims,NULL,6,NULL,NULL,NULL,4,2
Andhra Pradesh,2001,Murder - Female Victims,2. Female Victims,67,607,15,38,43,269,175
Arunachal Pradesh,2001,Murder - Female Victims,2. Female Victims,2,16,0,0,0,10,4
Assam,2001,Murder - Female Victims,2. Female Victims,11,128,8,4,23,45,37
Bihar,2001,Murder - Female Victims,2. Female Victims,12,366,0,0,40,191,123
Chandigarh,2001,Murder - Female Victims,2. Female Victims,3,5,0,0,0,1,1
Chhattisgarh,2001,Murder - Female Victims,2. Female Victims,63,549,14,38,38,214,182
Delhi,2001,Murder - Female Victims,2. Female Victims,14,152,2,12,9,74,41
Goa,2001,Murder - Female Victims,2. Female Victims,1,13,NULL,NULL,NULL,4,8
Gujarat,2001,Murder - Female Victims,2. Female Victims,26,363,9,57,8,132,131
Haryana,2001,Murder - Female Victims,2. Female Victims,6,143,1,12,15,67,42
Himachal Pradesh,2001,Murder - Female Victims,2. Female Victims,6,39,1,1,1,11,19
Jammu & Kashmir,2001,Murder - Female Victims,2. Female Victims,24,187,13,2,27,68,53
Jharkhand,2001,Murder - Female Victims,2. Female Victims,24,291,0,0,39,126,102
Karnataka,2001,Murder - Female Victims,2. Female Victims,51,577,13,38,24,250,201
Kerala,2001,Murder - Female Victims,2. Female Victims,24,156,5,36,8,25,58
Lakshadweep,2001,Murder - Female Victims,2. Female Victims,0,2,1,1,0,0,0
Madhya Pradesh,2001,Murder - Female Victims,2. Female Victims,31,622,13,41,37,281,219
Maharashtra,2001,Murder - Female Victims,2. Female Victims,78,1068,28,76,41,555,290
Manipur,2001,Murder - Female Victims,2. Female Victims,1,8,NULL,2,NULL,2,3
Meghalaya,2001,Murder - Female Victims,2. Female Victims,0,6,0,0,0,4,2
Mizoram,2001,Murder - Female Victims,2. Female Victims,0,12,0,0,0,9,3
Nagaland,2001,Murder - Female Victims,2. Female Victims,0,2,0,0,2,0,0
Odisha,2001,Murder - Female Victims,2. Female Victims,26,260,0,0,13,140,81
Puducherry,2001,Murder - Female Victims,2. Female Victims,NULL,10,NULL,NULL,1,5,4
Punjab,2001,Murder - Female Victims,2. Female Victims,11,203,1,3,21,90,77
Rajasthan,2001,Murder - Female Victims,2. Female Victims,32,248,4,8,15,108,81
Sikkim,2001,Murder - Female Victims,2. Female Victims,NULL,6,NULL,NULL,NULL,1,5
Tamil Nadu,2001,Murder - Female Victims,2. Female Victims,34,525,8,5,113,174,191
Tripura,2001,Murder - Female Victims,2. Female Victims,2,9,NULL,NULL,2,3,2
Uttar Pradesh,2001,Murder - Female Victims,2. Female Victims,102,1323,65,10,103,626,417
Uttarakhand,2001,Murder - Female Victims,2. Female Victims,4,110,2,2,1,72,29
West Bengal,2001,Murder - Female Victims,2. Female Victims,12,358,0,0,1,213,132
Andaman & Nicobar Islands,2002,Murder - Female Victims,2. Female Victims,0,7,0,0,1,2,4
Andhra Pradesh,2002,Murder - Female Victims,2. Female Victims,81,662,17,5,3,371,185
Arunachal Pradesh,2002,Murder - Female Victims,2. Female Victims,NULL,4,NULL,NULL,NULL,3,1
Assam,2002,Murder - Female Victims,2. Female Victims,4,111,0,0,0,64,43
Bihar,2002,Murder - Female Victims,2. Female Victims,6,397,0,3,2,242,144
Chandigarh,2002,Murder - Female Victims,2. Female Victims,2,9,0,1,0,3,3
Chhattisgarh,2002,Murder - Female Victims,2. Female Victims,26,228,2,5,2,111,82
Dadra & Nagar Haveli,2002,Murder - Female Victims,2. Female Victims,0,1,0,0,0,0,1
Daman & Diu,2002,Murder - Female Victims,2. Female Victims,0,2,0,0,0,2,0
Delhi,2002,Murder - Female Victims,2. Female Victims,14,130,3,6,2,69,36
Goa,2002,Murder - Female Victims,2. Female Victims,4,7,NULL,NULL,NULL,1,2
Gujarat,2002,Murder - Female Victims,2. Female Victims,67,594,25,57,11,252,182
Haryana,2002,Murder - Female Victims,2. Female Victims,6,156,3,2,1,97,47
Himachal Pradesh,2002,Murder - Female Victims,2. Female Victims,1,34,0,2,2,19,10
Jammu & Kashmir,2002,Murder - Female Victims,2. Female Victims,7,163,0,0,0,71,85
Jharkhand,2002,Murder - Female Victims,2. Female Victims,56,306,1,1,1,140,107
Karnataka,2002,Murder - Female Victims,2. Female Victims,25,595,0,7,3,346,214
Kerala,2002,Murder - Female Victims,2. Female Victims,27,155,5,44,2,31,46
Madhya Pradesh,2002,Murder - Female Victims,2. Female Victims,71,537,5,2,7,258,194
Maharashtra,2002,Murder - Female Victims,2. Female Victims,78,966,27,75,18,475,293
Manipur,2002,Murder - Female Victims,2. Female Victims,1,14,0,0,0,7,6
Meghalaya,2002,Murder - Female Victims,2. Female Victims,1,25,0,1,0,3,20
Mizoram,2002,Murder - Female Victims,2. Female Victims,0,9,0,0,0,8,1
Nagaland,2002,Murder - Female Victims,2. Female Victims,0,3,0,0,0,1,2
Odisha,2002,Murder - Female Victims,2. Female Victims,25,346,0,3,0,201,117
Puducherry,2002,Murder - Female Victims,2. Female Victims,1,11,NULL,1,NULL,1,8
Punjab,2002,Murder - Female Victims,2. Female Victims,5,141,2,1,2,74,57
Rajasthan,2002,Murder - Female Victims,2. Female Victims,16,261,1,10,1,131,102
Tamil Nadu,2002,Murder - Female Victims,2. Female Victims,66,518,8,18,2,259,165
Tripura,2002,Murder - Female Victims,2. Female Victims,NULL,12,NULL,NULL,0,10,2
Uttar Pradesh,2002,Murder - Female Victims,2. Female Victims,73,1453,57,7,84,724,508
Uttarakhand,2002,Murder - Female Victims,2. Female Victims,3,67,2,NULL,2,23,37
West Bengal,2002,Murder - Female Victims,2. Female Victims,9,272,0,3,0,188,72
Andaman & Nicobar Islands,2003,Murder - Female Victims,2. Female Victims,1,9,0,1,0,2,5
Andhra Pradesh,2003,Murder - Female Victims,2. Female Victims,74,737,8,8,12,378,257
Arunachal Pradesh,2003,Murder - Female Victims,2. Female Victims,0,0,0,0,0,0,0
Assam,2003,Murder - Female Victims,2. Female Victims,4,103,0,0,0,68,31
Bihar,2003,Murder - Female Victims,2. Female Victims,6,393,0,3,2,235,147
Chandigarh,2003,Murder - Female Victims,2. Female Victims,1,6,1,1,0,3,0
Chhattisgarh,2003,Murder - Female Victims,2. Female Victims,30,216,4,9,1,84,88
Dadra & Nagar Haveli,2003,Murder - Female Victims,2. Female Victims,1,3,NULL,NULL,NULL,1,1
Daman & Diu,2003,Murder - Female Victims,2. Female Victims,0,0,0,0,0,0,0
Delhi,2003,Murder - Female Victims,2. Female Victims,23,131,6,8,7,44,43
Goa,2003,Murder - Female Victims,2. Female Victims,4,14,NULL,NULL,NULL,5,5
Gujarat,2003,Murder - Female Victims,2. Female Victims,33,356,1,29,3,160,130
Haryana,2003,Murder - Female Victims,2. Female Victims,8,151,1,1,7,93,41
Himachal Pradesh,2003,Murder - Female Victims,2. Female Victims,5,34,0,0,1,12,16
Jammu & Kashmir,2003,Murder - Female Victims,2. Female Victims,3,102,0,0,0,57,42
Jharkhand,2003,Murder - Female Victims,2. Female Victims,30,396,1,2,1,177,185
Karnataka,2003,Murder - Female Victims,2. Female Victims,39,525,12,50,21,249,154
Kerala,2003,Murder - Female Victims,2. Female Victims,22,126,3,15,3,28,55
Madhya Pradesh,2003,Murder - Female Victims,2. Female Victims,50,454,4,16,39,194,151
Maharashtra,2003,Murder - Female Victims,2. Female Victims,70,996,22,79,18,533,274
Manipur,2003,Murder - Female Victims,2. Female Victims,0,11,0,1,0,8,2
Meghalaya,2003,Murder - Female Victims,2. Female Victims,1,10,0,0,2,4,3
Mizoram,2003,Murder - Female Victims,2. Female Victims,NULL,9,NULL,NULL,NULL,5,4
Nagaland,2003,Murder - Female Victims,2. Female Victims,0,6,0,0,0,5,1
Odisha,2003,Murder - Female Victims,2. Female Victims,21,333,0,3,3,178,128
Puducherry,2003,Murder - Female Victims,2. Female Victims,2,8,1,NULL,NULL,3,2
Punjab,2003,Murder - Female Victims,2. Female Victims,18,175,2,3,2,89,61
Rajasthan,2003,Murder - Female Victims,2. Female Victims,34,271,3,2,3,123,106
Sikkim,2003,Murder - Female Victims,2. Female Victims,NULL,6,NULL,1,NULL,4,1
Tamil Nadu,2003,Murder - Female Victims,2. Female Victims,83,543,7,7,25,239,182
Tripura,2003,Murder - Female Victims,2. Female Victims,NULL,23,NULL,NULL,0,18,5
Uttar Pradesh,2003,Murder - Female Victims,2. Female Victims,75,999,58,8,86,427,345
Uttarakhand,2003,Murder - Female Victims,2. Female Victims,2,62,0,0,2,28,30
West Bengal,2003,Murder - Female Victims,2. Female Victims,10,297,2,2,2,186,95
Andaman & Nicobar Islands,2004,Murder - Female Victims,2. Female Victims,0,5,0,0,0,0,5
Andhra Pradesh,2004,Murder - Female Victims,2. Female Victims,63,655,10,13,14,301,254
Arunachal Pradesh,2004,Murder - Female Victims,2. Female Victims,0,2,0,0,0,0,2
Assam,2004,Murder - Female Victims,2. Female Victims,4,84,0,0,0,55,25
Bihar,2004,Murder - Female Victims,2. Female Victims,10,425,4,2,0,269,140
Chandigarh,2004,Murder - Female Victims,2. Female Victims,0,8,0,2,0,3,3
Chhattisgarh,2004,Murder - Female Victims,2. Female Victims,32,269,5,5,7,96,124
Dadra & Nagar Haveli,2004,Murder - Female Victims,2. Female Victims,0,2,0,2,0,0,0
Daman & Diu,2004,Murder - Female Victims,2. Female Victims,NULL,1,NULL,NULL,NULL,1,NULL
Delhi,2004,Murder - Female Victims,2. Female Victims,16,125,7,14,7,51,30
Goa,2004,Murder - Female Victims,2. Female Victims,5,17,1,NULL,NULL,7,4
Gujarat,2004,Murder - Female Victims,2. Female Victims,25,340,2,53,6,157,97
Haryana,2004,Murder - Female Victims,2. Female Victims,6,159,0,0,2,100,51
Himachal Pradesh,2004,Murder - Female Victims,2. Female Victims,4,25,0,1,3,7,10
Jammu & Kashmir,2004,Murder - Female Victims,2. Female Victims,12,107,NULL,1,NULL,58,36
Jharkhand,2004,Murder - Female Victims,2. Female Victims,30,399,1,2,1,179,186
Karnataka,2004,Murder - Female Victims,2. Female Victims,51,561,0,23,2,313,172
Kerala,2004,Murder - Female Victims,2. Female Victims,29,137,6,16,2,26,58
Madhya Pradesh,2004,Murder - Female Victims,2. Female Victims,51,494,4,1,18,262,158
Maharashtra,2004,Murder - Female Victims,2. Female Victims,87,1004,10,69,16,523,299
Manipur,2004,Murder - Female Victims,2. Female Victims,1,15,0,0,0,8,6
Meghalaya,2004,Murder - Female Victims,2. Female Victims,0,8,0,0,1,6,1
Mizoram,2004,Murder - Female Victims,2. Female Victims,1,4,0,0,0,2,1
Nagaland,2004,Murder - Female Victims,2. Female Victims,0,17,0,0,0,8,9
Odisha,2004,Murder - Female Victims,2. Female Victims,18,357,3,1,0,221,114
Puducherry,2004,Murder - Female Victims,2. Female Victims,0,3,NULL,NULL,NULL,1,2
Punjab,2004,Murder - Female Victims,2. Female Victims,17,194,4,13,2,84,74
Rajasthan,2004,Murder - Female Victims,2. Female Victims,34,287,2,4,2,146,99
Sikkim,2004,Murder - Female Victims,2. Female Victims,1,5,0,2,0,2,0
Tamil Nadu,2004,Murder - Female Victims,2. Female Victims,56,493,6,34,0,240,157
Tripura,2004,Murder - Female Victims,2. Female Victims,6,44,1,0,0,27,10
Uttar Pradesh,2004,Murder - Female Victims,2. Female Victims,86,1401,71,56,124,613,451
Uttarakhand,2004,Murder - Female Victims,2. Female Victims,5,47,0,2,0,22,18
West Bengal,2004,Murder - Female Victims,2. Female Victims,14,425,1,1,0,218,191
Andaman & Nicobar Islands,2005,Murder - Female Victims,2. Female Victims,NULL,4,NULL,NULL,NULL,1,3
Andhra Pradesh,2005,Murder - Female Victims,2. Female Victims,68,722,7,14,7,324,302
Arunachal Pradesh,2005,Murder - Female Victims,2. Female Victims,0,1,0,0,0,1,0
Assam,2005,Murder - Female Victims,2. Female Victims,4,65,0,0,0,42,19
Bihar,2005,Murder - Female Victims,2. Female Victims,16,442,2,9,3,310,102
Chandigarh,2005,Murder - Female Victims,2. Female Victims,1,3,0,1,0,1,0
Chhattisgarh,2005,Murder - Female Victims,2. Female Victims,35,323,6,4,5,125,148
Delhi,2005,Murder - Female Victims,2. Female Victims,15,158,3,7,3,87,43
Goa,2005,Murder - Female Victims,2. Female Victims,1,14,NULL,3,NULL,7,3
Gujarat,2005,Murder - Female Victims,2. Female Victims,31,346,8,29,2,125,151
Haryana,2005,Murder - Female Victims,2. Female Victims,15,143,1,3,4,80,40
Himachal Pradesh,2005,Murder - Female Victims,2. Female Victims,1,36,0,3,3,13,16
Jammu & Kashmir,2005,Murder - Female Victims,2. Female Victims,0,102,0,2,0,64,36
Jharkhand,2005,Murder - Female Victims,2. Female Victims,16,173,6,0,44,62,45
Karnataka,2005,Murder - Female Victims,2. Female Victims,51,585,2,17,3,306,206
Kerala,2005,Murder - Female Victims,2. Female Victims,30,147,7,36,NULL,25,49
Lakshadweep,2005,Murder - Female Victims,2. Female Victims,NULL,1,NULL,NULL,NULL,1,NULL
Madhya Pradesh,2005,Murder - Female Victims,2. Female Victims,56,528,15,10,20,248,179
Maharashtra,2005,Murder - Female Victims,2. Female Victims,67,980,17,77,19,488,312
Manipur,2005,Murder - Female Victims,2. Female Victims,0,19,1,1,1,12,4
Meghalaya,2005,Murder - Female Victims,2. Female Victims,2,19,0,1,4,8,4
Mizoram,2005,Murder - Female Victims,2. Female Victims,1,4,0,0,0,2,1
Nagaland,2005,Murder - Female Victims,2. Female Victims,2,17,0,0,0,13,2
Odisha,2005,Murder - Female Victims,2. Female Victims,32,326,2,1,3,162,126
Puducherry,2005,Murder - Female Victims,2. Female Victims,3,9,NULL,NULL,NULL,5,1
Punjab,2005,Murder - Female Victims,2. Female Victims,13,187,4,4,1,87,78
Rajasthan,2005,Murder - Female Victims,2. Female Victims,29,296,4,14,9,124,116
Sikkim,2005,Murder - Female Victims,2. Female Victims,NULL,4,NULL,NULL,NULL,2,2
Tamil Nadu,2005,Murder - Female Victims,2. Female Victims,65,462,7,32,NULL,199,159
Tripura,2005,Murder - Female Victims,2. Female Victims,4,64,NULL,1,0,49,10
Uttar Pradesh,2005,Murder - Female Victims,2. Female Victims,71,1354,59,19,63,695,447
Uttarakhand,2005,Murder - Female Victims,2. Female Victims,1,53,0,2,0,25,25
West Bengal,2005,Murder - Female Victims,2. Female Victims,14,365,1,0,0,269,81
Andaman & Nicobar Islands,2006,Murder - Female Victims,2. Female Victims,NULL,1,NULL,NULL,NULL,NULL,1
Andhra Pradesh,2006,Murder - Female Victims,2. Female Victims,80,744,9,16,11,322,306
Arunachal Pradesh,2006,Murder - Female Victims,2. Female Victims,0,0,0,0,0,0,0
Assam,2006,Murder - Female Victims,2. Female Victims,2,76,0,0,0,43,31
Bihar,2006,Murder - Female Victims,2. Female Victims,8,413,1,2,2,282,118
Chandigarh,2006,Murder - Female Victims,2. Female Victims,3,4,0,0,0,0,1
Chhattisgarh,2006,Murder - Female Victims,2. Female Victims,40,336,7,4,10,159,116
Dadra & Nagar Haveli,2006,Murder - Female Victims,2. Female Victims,0,3,0,0,0,2,1
Daman & Diu,2006,Murder - Female Victims,2. Female Victims,0,2,0,2,0,0,0
Delhi,2006,Murder - Female Victims,2. Female Victims,8,128,2,12,8,75,23
Goa,2006,Murder - Female Victims,2. Female Victims,3,10,NULL,NULL,1,4,2
Gujarat,2006,Murder - Female Victims,2. Female Victims,29,366,4,34,3,150,146
Haryana,2006,Murder - Female Victims,2. Female Victims,8,156,1,0,2,90,55
Himachal Pradesh,2006,Murder - Female Victims,2. Female Victims,5,31,1,1,0,11,13
Jammu & Kashmir,2006,Murder - Female Victims,2. Female Victims,1,76,1,0,5,37,32
Jharkhand,2006,Murder - Female Victims,2. Female Victims,33,214,1,1,38,83,58
Karnataka,2006,Murder - Female Victims,2. Female Victims,64,588,3,30,2,294,195
Kerala,2006,Murder - Female Victims,2. Female Victims,27,138,3,35,2,30,41
Madhya Pradesh,2006,Murder - Female Victims,2. Female Victims,74,510,14,14,22,200,186
Maharashtra,2006,Murder - Female Victims,2. Female Victims,76,995,14,75,27,482,321
Manipur,2006,Murder - Female Victims,2. Female Victims,1,9,0,0,1,5,2
Meghalaya,2006,Murder - Female Victims,2. Female Victims,0,11,0,1,0,7,3
Mizoram,2006,Murder - Female Victims,2. Female Victims,0,3,0,0,0,3,0
Nagaland,2006,Murder - Female Victims,2. Female Victims,2,8,0,0,0,3,3
Odisha,2006,Murder - Female Victims,2. Female Victims,12,384,0,3,2,192,175
Puducherry,2006,Murder - Female Victims,2. Female Victims,1,9,NULL,NULL,NULL,3,5
Punjab,2006,Murder - Female Victims,2. Female Victims,24,237,5,3,4,120,81
Rajasthan,2006,Murder - Female Victims,2. Female Victims,30,249,6,11,6,113,83
Sikkim,2006,Murder - Female Victims,2. Female Victims,1,7,NULL,NULL,NULL,3,3
Tamil Nadu,2006,Murder - Female Victims,2. Female Victims,82,515,9,33,4,206,181
Tripura,2006,Murder - Female Victims,2. Female Victims,4,34,NULL,NULL,NULL,22,8
Uttar Pradesh,2006,Murder - Female Victims,2. Female Victims,57,927,63,11,82,408,306
Uttarakhand,2006,Murder - Female Victims,2. Female Victims,2,55,0,2,1,17,33
West Bengal,2006,Murder - Female Victims,2. Female Victims,17,447,0,0,0,335,95
Andaman & Nicobar Islands,2007,Murder - Female Victims,2. Female Victims,1,6,NULL,NULL,NULL,3,2
Andhra Pradesh,2007,Murder - Female Victims,2. Female Victims,67,886,16,26,10,415,352
Arunachal Pradesh,2007,Murder - Female Victims,2. Female Victims,0,3,0,0,0,3,0
Assam,2007,Murder - Female Victims,2. Female Victims,0,88,0,0,0,51,37
Bihar,2007,Murder - Female Victims,2. Female Victims,14,390,0,4,15,237,120
Chandigarh,2007,Murder - Female Victims,2. Female Victims,1,6,0,2,0,3,0
Chhattisgarh,2007,Murder - Female Victims,2. Female Victims,71,310,4,3,3,100,129
Dadra & Nagar Haveli,2007,Murder - Female Victims,2. Female Victims,NULL,4,NULL,NULL,NULL,2,2
Daman & Diu,2007,Murder - Female Victims,2. Female Victims,0,1,0,0,0,1,0
Delhi,2007,Murder - Female Victims,2. Female Victims,13,127,3,10,5,71,25
Goa,2007,Murder - Female Victims,2. Female Victims,4,16,NULL,2,NULL,6,4
Gujarat,2007,Murder - Female Victims,2. Female Victims,28,314,5,33,5,117,126
Haryana,2007,Murder - Female Victims,2. Female Victims,7,167,8,14,9,84,45
Himachal Pradesh,2007,Murder - Female Victims,2. Female Victims,2,35,1,2,1,15,14
Jammu & Kashmir,2007,Murder - Female Victims,2. Female Victims,2,40,0,0,0,26,12
Jharkhand,2007,Murder - Female Victims,2. Female Victims,27,237,1,2,5,87,115
Karnataka,2007,Murder - Female Victims,2. Female Victims,41,505,4,17,6,289,148
Kerala,2007,Murder - Female Victims,2. Female Victims,28,141,1,22,4,34,52
Madhya Pradesh,2007,Murder - Female Victims,2. Female Victims,64,551,7,33,11,253,183
Maharashtra,2007,Murder - Female Victims,2. Female Victims,89,1014,15,73,19,521,297
Manipur,2007,Murder - Female Victims,2. Female Victims,2,20,0,0,2,8,8
Meghalaya,2007,Murder - Female Victims,2. Female Victims,0,7,0,2,0,3,2
Mizoram,2007,Murder - Female Victims,2. Female Victims,0,18,1,0,1,11,5
Nagaland,2007,Murder - Female Victims,2. Female Victims,0,14,0,1,1,9,3
Odisha,2007,Murder - Female Victims,2. Female Victims,6,372,2,2,4,242,116
Puducherry,2007,Murder - Female Victims,2. Female Victims,2,10,NULL,1,NULL,4,3
Punjab,2007,Murder - Female Victims,2. Female Victims,18,225,5,3,4,120,75
Rajasthan,2007,Murder - Female Victims,2. Female Victims,25,319,12,10,6,143,123
Sikkim,2007,Murder - Female Victims,2. Female Victims,NULL,3,1,NULL,NULL,2,NULL
Tamil Nadu,2007,Murder - Female Victims,2. Female Victims,86,604,8,31,3,261,215
Tripura,2007,Murder - Female Victims,2. Female Victims,8,50,NULL,3,2,19,18
Uttar Pradesh,2007,Murder - Female Victims,2. Female Victims,68,899,63,24,74,382,288
Uttarakhand,2007,Murder - Female Victims,2. Female Victims,7,77,3,2,NULL,53,12
West Bengal,2007,Murder - Female Victims,2. Female Victims,21,647,0,7,3,441,175
Andaman & Nicobar Islands,2008,Murder - Female Victims,2. Female Victims,NULL,2,2,NULL,NULL,NULL,NULL
Andhra Pradesh,2008,Murder - Female Victims,2. Female Victims,82,830,7,25,9,411,296
Arunachal Pradesh,2008,Murder - Female Victims,2. Female Victims,0,1,0,0,0,0,1
Assam,2008,Murder - Female Victims,2. Female Victims,0,103,0,0,0,61,42
Bihar,2008,Murder - Female Victims,2. Female Victims,18,637,8,12,12,436,151
Chandigarh,2008,Murder - Female Victims,2. Female Victims,1,6,0,0,0,3,2
Chhattisgarh,2008,Murder - Female Victims,2. Female Victims,40,363,7,10,27,129,150
Dadra & Nagar Haveli,2008,Murder - Female Victims,2. Female Victims,1,4,1,NULL,NULL,NULL,2
Daman & Diu,2008,Murder - Female Victims,2. Female Victims,NULL,0,NULL,NULL,NULL,0,NULL
Delhi,2008,Murder - Female Victims,2. Female Victims,7,116,1,4,2,63,39
Goa,2008,Murder - Female Victims,2. Female Victims,5,20,1,2,0,8,4
Gujarat,2008,Murder - Female Victims,2. Female Victims,29,340,3,24,2,137,145
Haryana,2008,Murder - Female Victims,2. Female Victims,12,185,5,3,5,97,63
Himachal Pradesh,2008,Murder - Female Victims,2. Female Victims,4,36,2,1,3,10,16
Jammu & Kashmir,2008,Murder - Female Victims,2. Female Victims,2,30,0,0,0,13,15
Jharkhand,2008,Murder - Female Victims,2. Female Victims,25,266,0,2,1,115,123
Karnataka,2008,Murder - Female Victims,2. Female Victims,43,624,17,49,14,272,229
Kerala,2008,Murder - Female Victims,2. Female Victims,23,128,5,25,NULL,24,51
Lakshadweep,2008,Murder - Female Victims,2. Female Victims,NULL,1,NULL,NULL,NULL,NULL,1
Madhya Pradesh,2008,Murder - Female Victims,2. Female Victims,64,516,13,11,6,235,187
Maharashtra,2008,Murder - Female Victims,2. Female Victims,73,1049,11,62,21,541,341
Manipur,2008,Murder - Female Victims,2. Female Victims,0,19,0,2,0,9,8
Meghalaya,2008,Murder - Female Victims,2. Female Victims,0,15,0,0,0,11,4
Mizoram,2008,Murder - Female Victims,2. Female Victims,0,2,0,0,0,1,1
Nagaland,2008,Murder - Female Victims,2. Female Victims,0,6,0,0,0,5,1
Odisha,2008,Murder - Female Victims,2. Female Victims,47,545,2,2,0,257,237
Puducherry,2008,Murder - Female Victims,2. Female Victims,2,8,NULL,NULL,NULL,5,1
Punjab,2008,Murder - Female Victims,2. Female Victims,17,219,5,3,7,120,67
Rajasthan,2008,Murder - Female Victims,2. Female Victims,30,287,6,8,12,129,102
Sikkim,2008,Murder - Female Victims,2. Female Victims,NULL,3,NULL,NULL,NULL,3,NULL
Tamil Nadu,2008,Murder - Female Victims,2. Female Victims,93,624,3,45,4,233,246
Tripura,2008,Murder - Female Victims,2. Female Victims,4,63,2,3,1,36,17
Uttar Pradesh,2008,Murder - Female Victims,2. Female Victims,65,840,55,30,73,360,257
Uttarakhand,2008,Murder - Female Victims,2. Female Victims,3,48,NULL,NULL,NULL,29,16
West Bengal,2008,Murder - Female Victims,2. Female Victims,16,250,0,1,5,175,53
Andaman & Nicobar Islands,2009,Murder - Female Victims,2. Female Victims,NULL,8,NULL,1,NULL,3,4
Andhra Pradesh,2009,Murder - Female Victims,2. Female Victims,91,800,6,18,7,379,299
Arunachal Pradesh,2009,Murder - Female Victims,2. Female Victims,0,1,0,0,0,1,0
Assam,2009,Murder - Female Victims,2. Female Victims,0,97,0,0,0,62,35
Bihar,2009,Murder - Female Victims,2. Female Victims,18,672,5,9,27,439,174
Chandigarh,2009,Murder - Female Victims,2. Female Victims,0,3,0,0,0,1,2
Chhattisgarh,2009,Murder - Female Victims,2. Female Victims,44,326,2,15,7,124,134
Dadra & Nagar Haveli,2009,Murder - Female Victims,2. Female Victims,NULL,6,NULL,NULL,NULL,3,3
Daman & Diu,2009,Murder - Female Victims,2. Female Victims,NULL,1,NULL,NULL,NULL,1,NULL
Delhi,2009,Murder - Female Victims,2. Female Victims,18,126,4,13,2,48,41
Goa,2009,Murder - Female Victims,2. Female Victims,3,31,0,1,1,14,12
Gujarat,2009,Murder - Female Victims,2. Female Victims,34,325,6,34,2,120,129
Haryana,2009,Murder - Female Victims,2. Female Victims,15,221,2,0,2,96,106
Himachal Pradesh,2009,Murder - Female Victims,2. Female Victims,9,39,1,4,1,10,14
Jammu & Kashmir,2009,Murder - Female Victims,2. Female Victims,4,46,0,0,0,26,16
Jharkhand,2009,Murder - Female Victims,2. Female Victims,8,201,1,1,0,119,72
Karnataka,2009,Murder - Female Victims,2. Female Victims,66,679,9,16,7,335,246
Kerala,2009,Murder - Female Victims,2. Female Victims,18,109,4,17,5,20,45
Madhya Pradesh,2009,Murder - Female Victims,2. Female Victims,77,625,11,18,11,277,231
Maharashtra,2009,Murder - Female Victims,2. Female Victims,104,1000,15,79,18,490,294
Manipur,2009,Murder - Female Victims,2. Female Victims,2,18,1,2,1,5,7
Meghalaya,2009,Murder - Female Victims,2. Female Victims,1,22,0,0,3,16,2
Mizoram,2009,Murder - Female Victims,2. Female Victims,0,3,0,0,0,3,NULL
Nagaland,2009,Murder - Female Victims,2. Female Victims,0,9,0,0,0,9,0
Odisha,2009,Murder - Female Victims,2. Female Victims,40,460,1,3,0,215,201
Puducherry,2009,Murder - Female Victims,2. Female Victims,1,10,NULL,1,NULL,3,5
Punjab,2009,Murder - Female Victims,2. Female Victims,14,203,6,15,8,92,68
Rajasthan,2009,Murder - Female Victims,2. Female Victims,35,328,8,13,8,150,114
Sikkim,2009,Murder - Female Victims,2. Female Victims,NULL,6,NULL,1,NULL,3,2
Tamil Nadu,2009,Murder - Female Victims,2. Female Victims,93,587,6,45,5,214,224
Tripura,2009,Murder - Female Victims,2. Female Victims,4,57,3,4,3,22,21
Uttar Pradesh,2009,Murder - Female Victims,2. Female Victims,81,955,56,38,71,443,266
Uttarakhand,2009,Murder - Female Victims,2. Female Victims,1,51,1,1,NULL,38,10
West Bengal,2009,Murder - Female Victims,2. Female Victims,25,693,5,2,4,409,248
Andaman & Nicobar Islands,2010,Murder - Female Victims,2. Female Victims,NULL,5,NULL,NULL,2,NULL,3
Andhra Pradesh,2010,Murder - Female Victims,2. Female Victims,143,624,12,15,6,235,213
Arunachal Pradesh,2010,Murder - Female Victims,2. Female Victims,0,2,0,0,0,2,0
Assam,2010,Murder - Female Victims,2. Female Victims,NULL,86,NULL,NULL,NULL,51,35
Bihar,2010,Murder - Female Victims,2. Female Victims,31,662,14,10,50,370,187
Chandigarh,2010,Murder - Female Victims,2. Female Victims,1,2,0,0,0,1,0
Chhattisgarh,2010,Murder - Female Victims,2. Female Victims,40,357,5,13,19,127,153
Dadra & Nagar Haveli,2010,Murder - Female Victims,2. Female Victims,NULL,1,NULL,NULL,NULL,1,NULL
Delhi,2010,Murder - Female Victims,2. Female Victims,14,119,3,4,4,55,39
Goa,2010,Murder - Female Victims,2. Female Victims,0,7,0,0,1,5,1
Gujarat,2010,Murder - Female Victims,2. Female Victims,21,268,4,19,0,131,93
Haryana,2010,Murder - Female Victims,2. Female Victims,14,213,4,2,6,99,88
Himachal Pradesh,2010,Murder - Female Victims,2. Female Victims,2,28,0,3,0,11,12
Jammu & Kashmir,2010,Murder - Female Victims,2. Female Victims,3,30,0,1,0,15,11
Jharkhand,2010,Murder - Female Victims,2. Female Victims,12,256,0,0,1,141,102
Karnataka,2010,Murder - Female Victims,2. Female Victims,57,731,3,27,5,377,262
Kerala,2010,Murder - Female Victims,2. Female Victims,27,126,6,16,0,24,53
Madhya Pradesh,2010,Murder - Female Victims,2. Female Victims,60,551,13,21,9,246,202
Maharashtra,2010,Murder - Female Victims,2. Female Victims,84,1047,16,78,14,552,303
Manipur,2010,Murder - Female Victims,2. Female Victims,1,19,0,0,0,5,13
Meghalaya,2010,Murder - Female Victims,2. Female Victims,2,11,0,1,0,5,3
Mizoram,2010,Murder - Female Victims,2. Female Victims,1,8,0,0,1,0,6
Nagaland,2010,Murder - Female Victims,2. Female Victims,3,5,0,0,0,1,1
Odisha,2010,Murder - Female Victims,2. Female Victims,32,536,0,5,1,262,236
Puducherry,2010,Murder - Female Victims,2. Female Victims,NULL,4,NULL,NULL,NULL,3,1
Punjab,2010,Murder - Female Victims,2. Female Victims,21,242,6,11,6,107,91
Rajasthan,2010,Murder - Female Victims,2. Female Victims,32,306,8,14,9,130,113
Sikkim,2010,Murder - Female Victims,2. Female Victims,NULL,8,1,1,NULL,3,3
Tamil Nadu,2010,Murder - Female Victims,2. Female Victims,100,629,5,38,9,236,241
Tripura,2010,Murder - Female Victims,2. Female Victims,8,63,1,NULL,0,24,30
Uttar Pradesh,2010,Murder - Female Victims,2. Female Victims,56,859,30,62,47,421,243
Uttarakhand,2010,Murder - Female Victims,2. Female Victims,6,44,NULL,NULL,2,25,11
West Bengal,2010,Murder - Female Victims,2. Female Victims,36,893,3,2,2,542,308
Andaman & Nicobar Islands,2001,Murder - Male Victims,1. Male Victims,NULL,7,1,NULL,NULL,3,3
Andhra Pradesh,2001,Murder - Male Victims,1. Male Victims,215,2176,59,35,88,827,952
Arunachal Pradesh,2001,Murder - Male Victims,1. Male Victims,4,67,0,0,0,31,32
Assam,2001,Murder - Male Victims,1. Male Victims,67,1228,30,17,169,577,368
Bihar,2001,Murder - Male Victims,1. Male Victims,227,3277,2,2,156,1484,1406
Chandigarh,2001,Murder - Male Victims,1. Male Victims,1,10,0,0,0,4,5
Chhattisgarh,2001,Murder - Male Victims,1. Male Victims,142,1108,12,30,30,341,553
Dadra & Nagar Haveli,2001,Murder - Male Victims,1. Male Victims,NULL,3,NULL,NULL,NULL,1,2
Delhi,2001,Murder - Male Victims,1. Male Victims,28,422,10,13,12,231,128
Goa,2001,Murder - Male Victims,1. Male Victims,2,24,NULL,1,NULL,11,10
Gujarat,2001,Murder - Male Victims,1. Male Victims,87,917,11,50,18,335,416
Haryana,2001,Murder - Male Victims,1. Male Victims,38,675,11,24,47,291,264
Himachal Pradesh,2001,Murder - Male Victims,1. Male Victims,8,83,0,3,1,29,42
Jammu & Kashmir,2001,Murder - Male Victims,1. Male Victims,167,1225,37,8,160,385,468
Jharkhand,2001,Murder - Male Victims,1. Male Victims,136,1216,3,4,121,470,482
Karnataka,2001,Murder - Male Victims,1. Male Victims,130,1101,9,42,36,450,434
Kerala,2001,Murder - Male Victims,1. Male Victims,55,333,8,27,9,88,146
Madhya Pradesh,2001,Murder - Male Victims,1. Male Victims,70,1803,25,32,129,693,854
Maharashtra,2001,Murder - Male Victims,1. Male Victims,219,1882,28,113,39,740,743
Manipur,2001,Murder - Male Victims,1. Male Victims,10,225,NULL,NULL,8,137,70
Meghalaya,2001,Murder - Male Victims,1. Male Victims,1,163,0,0,0,112,50
Mizoram,2001,Murder - Male Victims,1. Male Victims,2,19,0,0,3,8,6
Nagaland,2001,Murder - Male Victims,1. Male Victims,3,107,1,0,3,64,36
Odisha,2001,Murder - Male Victims,1. Male Victims,46,745,2,0,43,350,304
Puducherry,2001,Murder - Male Victims,1. Male Victims,3,15,NULL,NULL,NULL,5,7
Punjab,2001,Murder - Male Victims,1. Male Victims,43,584,9,7,35,268,222
Rajasthan,2001,Murder - Male Victims,1. Male Victims,101,1027,14,10,32,389,481
Sikkim,2001,Murder - Male Victims,1. Male Victims,2,13,NULL,1,NULL,7,3
Tamil Nadu,2001,Murder - Male Victims,1. Male Victims,136,1137,8,3,136,391,463
Tripura,2001,Murder - Male Victims,1. Male Victims,20,231,6,NULL,15,90,100
Uttar Pradesh,2001,Murder - Male Victims,1. Male Victims,722,6857,93,29,189,3098,2726
Uttarakhand,2001,Murder - Male Victims,1. Male Victims,27,271,3,2,3,52,184
West Bengal,2001,Murder - Male Victims,1. Male Victims,82,1315,2,1,2,676,552
Andaman & Nicobar Islands,2002,Murder - Male Victims,1. Male Victims,2,10,0,0,0,4,4
Andhra Pradesh,2002,Murder - Male Victims,1. Male Victims,194,1989,3,7,10,949,826
Arunachal Pradesh,2002,Murder - Male Victims,1. Male Victims,NULL,57,NULL,NULL,0,31,26
Assam,2002,Murder - Male Victims,1. Male Victims,21,1142,0,2,0,763,356
Bihar,2002,Murder - Male Victims,1. Male Victims,155,3434,3,4,3,1874,1395
Chandigarh,2002,Murder - Male Victims,1. Male Victims,1,22,0,2,0,9,10
Chhattisgarh,2002,Murder - Male Victims,1. Male Victims,80,616,5,19,2,153,357
Dadra & Nagar Haveli,2002,Murder - Male Victims,1. Male Victims,1,10,0,0,0,2,7
Daman & Diu,2002,Murder - Male Victims,1. Male Victims,0,6,0,0,0,3,3
Delhi,2002,Murder - Male Victims,1. Male Victims,26,411,8,8,8,243,118
Goa,2002,Murder - Male Victims,1. Male Victims,6,24,NULL,1,1,9,7
Gujarat,2002,Murder - Male Victims,1. Male Victims,189,1733,16,72,31,723,702
Haryana,2002,Murder - Male Victims,1. Male Victims,32,655,8,4,4,336,271
Himachal Pradesh,2002,Murder - Male Victims,1. Male Victims,13,98,1,3,2,36,43
Jammu & Kashmir,2002,Murder - Male Victims,1. Male Victims,87,1144,0,0,2,493,562
Jharkhand,2002,Murder - Male Victims,1. Male Victims,238,1182,1,2,2,495,444
Karnataka,2002,Murder - Male Victims,1. Male Victims,131,1109,3,11,4,480,480
Kerala,2002,Murder - Male Victims,1. Male Victims,50,299,4,20,5,87,133
Madhya Pradesh,2002,Murder - Male Victims,1. Male Victims,144,1858,7,6,67,891,743
Maharashtra,2002,Murder - Male Victims,1. Male Victims,275,2025,27,81,27,716,899
Manipur,2002,Murder - Male Victims,1. Male Victims,5,208,0,NULL,0,123,80
Meghalaya,2002,Murder - Male Victims,1. Male Victims,3,159,0,0,2,76,78
Mizoram,2002,Murder - Male Victims,1. Male Victims,2,20,0,0,0,15,3
Nagaland,2002,Murder - Male Victims,1. Male Victims,1,105,2,0,7,71,24
Odisha,2002,Murder - Male Victims,1. Male Victims,48,802,2,2,0,378,372
Puducherry,2002,Murder - Male Victims,1. Male Victims,1,20,NULL,1,NULL,6,12
Punjab,2002,Murder - Male Victims,1. Male Victims,44,631,3,3,2,245,334
Rajasthan,2002,Murder - Male Victims,1. Male Victims,92,1063,1,5,2,432,531
Sikkim,2002,Murder - Male Victims,1. Male Victims,NULL,13,NULL,NULL,2,4,7
Tamil Nadu,2002,Murder - Male Victims,1. Male Victims,197,1269,4,11,2,512,543
Tripura,2002,Murder - Male Victims,1. Male Victims,22,189,NULL,NULL,0,95,72
Uttar Pradesh,2002,Murder - Male Victims,1. Male Victims,493,6085,134,29,227,2824,2378
Uttarakhand,2002,Murder - Male Victims,1. Male Victims,19,268,2,NULL,1,77,169
West Bengal,2002,Murder - Male Victims,1. Male Victims,52,1181,0,0,0,664,465
Andaman & Nicobar Islands,2003,Murder - Male Victims,1. Male Victims,1,12,0,0,0,6,5
Andhra Pradesh,2003,Murder - Male Victims,1. Male Victims,207,2177,31,17,43,992,887
Arunachal Pradesh,2003,Murder - Male Victims,1. Male Victims,0,77,0,0,0,64,13
Assam,2003,Murder - Male Victims,1. Male Victims,55,1088,0,2,0,571,460
Bihar,2003,Murder - Male Victims,1. Male Victims,199,3379,2,2,3,1637,1536
Chandigarh,2003,Murder - Male Victims,1. Male Victims,0,15,1,0,0,5,9
Chhattisgarh,2003,Murder - Male Victims,1. Male Victims,65,581,8,16,2,228,262
Dadra & Nagar Haveli,2003,Murder - Male Victims,1. Male Victims,1,8,NULL,NULL,NULL,3,4
Daman & Diu,2003,Murder - Male Victims,1. Male Victims,3,6,0,0,0,0,3
Delhi,2003,Murder - Male Victims,1. Male Victims,25,371,10,11,12,210,103
Goa,2003,Murder - Male Victims,1. Male Victims,2,20,NULL,NULL,NULL,6,12
Gujarat,2003,Murder - Male Victims,1. Male Victims,82,808,5,32,13,297,379
Haryana,2003,Murder - Male Victims,1. Male Victims,31,597,1,2,12,308,243
Himachal Pradesh,2003,Murder - Male Victims,1. Male Victims,4,96,2,5,1,31,53
Jammu & Kashmir,2003,Murder - Male Victims,1. Male Victims,79,1013,0,0,0,375,559
Jharkhand,2003,Murder - Male Victims,1. Male Victims,85,1086,2,5,1,506,487
Karnataka,2003,Murder - Male Victims,1. Male Victims,111,1051,11,41,50,399,439
Kerala,2003,Murder - Male Victims,1. Male Victims,56,309,1,7,2,92,151
Madhya Pradesh,2003,Murder - Male Victims,1. Male Victims,104,1773,21,25,60,790,773
Maharashtra,2003,Murder - Male Victims,1. Male Victims,304,1955,22,63,23,717,826
Manipur,2003,Murder - Male Victims,1. Male Victims,9,174,0,0,0,109,56
Meghalaya,2003,Murder - Male Victims,1. Male Victims,3,165,0,1,11,60,90
Mizoram,2003,Murder - Male Victims,1. Male Victims,1,37,0,1,4,11,20
Nagaland,2003,Murder - Male Victims,1. Male Victims,0,85,0,0,0,65,20
Odisha,2003,Murder - Male Victims,1. Male Victims,65,769,4,5,10,363,322
Puducherry,2003,Murder - Male Victims,1. Male Victims,3,22,NULL,1,NULL,8,10
Punjab,2003,Murder - Male Victims,1. Male Victims,56,594,3,9,6,249,271
Rajasthan,2003,Murder - Male Victims,1. Male Victims,102,1013,4,11,3,437,456
Sikkim,2003,Murder - Male Victims,1. Male Victims,2,10,NULL,NULL,1,5,2
Tamil Nadu,2003,Murder - Male Victims,1. Male Victims,197,1111,4,4,15,357,534
Tripura,2003,Murder - Male Victims,1. Male Victims,30,231,NULL,NULL,0,117,84
Uttar Pradesh,2003,Murder - Male Victims,1. Male Victims,412,4285,87,27,206,2011,1542
Uttarakhand,2003,Murder - Male Victims,1. Male Victims,16,231,0,0,1,87,127
West Bengal,2003,Murder - Male Victims,1. Male Victims,52,1167,0,1,2,606,506
Andaman & Nicobar Islands,2004,Murder - Male Victims,1. Male Victims,2,10,0,1,0,2,5
Andhra Pradesh,2004,Murder - Male Victims,1. Male Victims,222,1985,15,22,15,856,855
Arunachal Pradesh,2004,Murder - Male Victims,1. Male Victims,3,65,0,0,0,36,26
Assam,2004,Murder - Male Victims,1. Male Victims,68,1130,0,1,0,636,425
Bihar,2004,Murder - Male Victims,1. Male Victims,178,3523,9,2,4,1906,1424
Chandigarh,2004,Murder - Male Victims,1. Male Victims,2,14,0,0,1,5,6
Chhattisgarh,2004,Murder - Male Victims,1. Male Victims,91,658,6,15,23,235,288
Dadra & Nagar Haveli,2004,Murder - Male Victims,1. Male Victims,1,9,0,0,1,3,4
Daman & Diu,2004,Murder - Male Victims,1. Male Victims,NULL,2,NULL,NULL,NULL,1,1
Delhi,2004,Murder - Male Victims,1. Male Victims,32,385,14,20,15,170,134
Goa,2004,Murder - Male Victims,1. Male Victims,3,25,NULL,1,NULL,8,13
Gujarat,2004,Murder - Male Victims,1. Male Victims,79,829,5,31,6,315,393
Haryana,2004,Murder - Male Victims,1. Male Victims,40,583,1,0,20,278,244
Himachal Pradesh,2004,Murder - Male Victims,1. Male Victims,16,85,3,2,0,30,34
Jammu & Kashmir,2004,Murder - Male Victims,1. Male Victims,70,882,NULL,NULL,NULL,438,374
Jharkhand,2004,Murder - Male Victims,1. Male Victims,85,1089,2,5,1,507,489
Karnataka,2004,Murder - Male Victims,1. Male Victims,112,1006,3,24,2,432,433
Kerala,2004,Murder - Male Victims,1. Male Victims,62,290,2,24,3,68,131
Madhya Pradesh,2004,Murder - Male Victims,1. Male Victims,224,1886,18,7,96,826,715
Maharashtra,2004,Murder - Male Victims,1. Male Victims,204,1773,18,56,36,653,806
Manipur,2004,Murder - Male Victims,1. Male Victims,9,178,0,0,0,117,52
Meghalaya,2004,Murder - Male Victims,1. Male Victims,1,149,0,0,0,97,51
Mizoram,2004,Murder - Male Victims,1. Male Victims,5,31,0,0,0,13,13
Nagaland,2004,Murder - Male Victims,1. Male Victims,0,56,0,0,0,28,28
Odisha,2004,Murder - Male Victims,1. Male Victims,45,780,1,1,3,389,341
Puducherry,2004,Murder - Male Victims,1. Male Victims,2,22,NULL,1,NULL,11,8
Punjab,2004,Murder - Male Victims,1. Male Victims,60,608,4,10,9,250,275
Rajasthan,2004,Murder - Male Victims,1. Male Victims,127,1005,4,4,5,422,443
Sikkim,2004,Murder - Male Victims,1. Male Victims,2,13,0,1,0,2,8
Tamil Nadu,2004,Murder - Male Victims,1. Male Victims,189,1051,7,32,4,372,447
Tripura,2004,Murder - Male Victims,1. Male Victims,16,182,2,0,2,97,65
Uttar Pradesh,2004,Murder - Male Victims,1. Male Victims,464,5264,147,60,223,2224,2146
Uttarakhand,2004,Murder - Male Victims,1. Male Victims,20,220,0,2,0,108,90
West Bengal,2004,Murder - Male Victims,1. Male Victims,51,1008,0,0,0,518,439
Andaman & Nicobar Islands,2005,Murder - Male Victims,1. Male Victims,1,11,NULL,1,NULL,4,5
Andhra Pradesh,2005,Murder - Male Victims,1. Male Victims,245,2206,14,24,21,953,949
Arunachal Pradesh,2005,Murder - Male Victims,1. Male Victims,2,80,0,0,0,58,20
Assam,2005,Murder - Male Victims,1. Male Victims,72,1129,4,0,9,672,372
Bihar,2005,Murder - Male Victims,1. Male Victims,173,3029,8,5,10,1850,983
Chandigarh,2005,Murder - Male Victims,1. Male Victims,0,15,0,2,0,6,7
Chhattisgarh,2005,Murder - Male Victims,1. Male Victims,88,727,8,7,7,280,337
Dadra & Nagar Haveli,2005,Murder - Male Victims,1. Male Victims,2,7,NULL,1,1,2,1
Daman & Diu,2005,Murder - Male Victims,1. Male Victims,NULL,5,1,NULL,NULL,4,NULL
Delhi,2005,Murder - Male Victims,1. Male Victims,25,375,9,10,4,197,130
Goa,2005,Murder - Male Victims,1. Male Victims,4,35,1,NULL,NULL,7,23
Gujarat,2005,Murder - Male Victims,1. Male Victims,84,757,9,41,10,293,320
Haryana,2005,Murder - Male Victims,1. Male Victims,67,669,7,6,17,286,286
Himachal Pradesh,2005,Murder - Male Victims,1. Male Victims,14,82,0,3,1,27,37
Jammu & Kashmir,2005,Murder - Male Victims,1. Male Victims,45,644,0,2,0,361,236
Jharkhand,2005,Murder - Male Victims,1. Male Victims,114,1350,23,5,69,390,749
Karnataka,2005,Murder - Male Victims,1. Male Victims,131,1088,0,22,3,473,459
Kerala,2005,Murder - Male Victims,1. Male Victims,62,284,4,18,4,62,134
Madhya Pradesh,2005,Murder - Male Victims,1. Male Victims,229,1900,20,25,60,771,795
Maharashtra,2005,Murder - Male Victims,1. Male Victims,225,1765,26,77,26,634,777
Manipur,2005,Murder - Male Victims,1. Male Victims,6,276,0,0,0,174,96
Meghalaya,2005,Murder - Male Victims,1. Male Victims,4,119,1,2,3,49,60
Mizoram,2005,Murder - Male Victims,1. Male Victims,5,31,0,0,0,13,13
Nagaland,2005,Murder - Male Victims,1. Male Victims,3,74,0,0,0,35,36
Odisha,2005,Murder - Male Victims,1. Male Victims,55,807,1,2,1,373,375
Puducherry,2005,Murder - Male Victims,1. Male Victims,NULL,10,NULL,NULL,NULL,3,7
Punjab,2005,Murder - Male Victims,1. Male Victims,55,557,5,7,5,244,241
Rajasthan,2005,Murder - Male Victims,1. Male Victims,95,950,7,7,16,399,426
Sikkim,2005,Murder - Male Victims,1. Male Victims,1,5,1,NULL,NULL,1,2
Tamil Nadu,2005,Murder - Male Victims,1. Male Victims,183,1049,3,22,3,353,485
Tripura,2005,Murder - Male Victims,1. Male Victims,10,94,NULL,NULL,0,42,42
Uttar Pradesh,2005,Murder - Male Victims,1. Male Victims,483,5011,65,25,159,2425,1854
Uttarakhand,2005,Murder - Male Victims,1. Male Victims,28,237,2,2,0,102,103
West Bengal,2005,Murder - Male Victims,1. Male Victims,60,1089,1,0,0,673,355
Andaman & Nicobar Islands,2006,Murder - Male Victims,1. Male Victims,2,4,NULL,NULL,NULL,1,1
Andhra Pradesh,2006,Murder - Male Victims,1. Male Victims,312,2196,11,12,4,1045,812
Arunachal Pradesh,2006,Murder - Male Victims,1. Male Victims,0,60,0,0,0,40,20
Assam,2006,Murder - Male Victims,1. Male Victims,81,1131,4,0,7,648,391
Bihar,2006,Murder - Male Victims,1. Male Victims,103,2836,1,1,5,1651,1075
Chandigarh,2006,Murder - Male Victims,1. Male Victims,2,10,0,1,0,2,5
Chhattisgarh,2006,Murder - Male Victims,1. Male Victims,101,762,5,8,14,268,366
Dadra & Nagar Haveli,2006,Murder - Male Victims,1. Male Victims,1,6,0,1,0,1,3
Daman & Diu,2006,Murder - Male Victims,1. Male Victims,0,5,0,0,0,3,2
Delhi,2006,Murder - Male Victims,1. Male Victims,20,360,10,18,16,208,88
Goa,2006,Murder - Male Victims,1. Male Victims,8,30,NULL,NULL,1,8,13
Gujarat,2006,Murder - Male Victims,1. Male Victims,67,848,13,46,10,347,365
Haryana,2006,Murder - Male Victims,1. Male Victims,48,743,8,0,19,314,354
Himachal Pradesh,2006,Murder - Male Victims,1. Male Victims,7,98,0,3,0,37,51
Jammu & Kashmir,2006,Murder - Male Victims,1. Male Victims,16,565,0,2,2,287,258
Jharkhand,2006,Murder - Male Victims,1. Male Victims,225,1278,17,11,71,474,480
Karnataka,2006,Murder - Male Victims,1. Male Victims,100,1089,10,28,6,463,482
Kerala,2006,Murder - Male Victims,1. Male Victims,51,288,1,30,1,72,133
Madhya Pradesh,2006,Murder - Male Victims,1. Male Victims,288,1820,22,34,54,700,722
Maharashtra,2006,Murder - Male Victims,1. Male Victims,291,1966,24,84,27,726,814
Manipur,2006,Murder - Male Victims,1. Male Victims,16,229,2,0,4,122,85
Meghalaya,2006,Murder - Male Victims,1. Male Victims,3,146,0,1,5,75,62
Mizoram,2006,Murder - Male Victims,1. Male Victims,0,22,0,0,0,17,5
Nagaland,2006,Murder - Male Victims,1. Male Victims,0,115,1,4,4,74,32
Odisha,2006,Murder - Male Victims,1. Male Victims,42,783,4,0,9,368,360
Puducherry,2006,Murder - Male Victims,1. Male Victims,2,21,NULL,NULL,1,9,9
Punjab,2006,Murder - Male Victims,1. Male Victims,87,614,1,7,6,266,247
Rajasthan,2006,Murder - Male Victims,1. Male Victims,115,989,16,19,19,392,428
Sikkim,2006,Murder - Male Victims,1. Male Victims,3,14,NULL,NULL,4,2,5
Tamil Nadu,2006,Murder - Male Victims,1. Male Victims,154,903,7,15,2,286,439
Tripura,2006,Murder - Male Victims,1. Male Victims,14,131,2,1,NULL,49,65
Uttar Pradesh,2006,Murder - Male Victims,1. Male Victims,453,4835,98,23,149,2405,1707
Uttarakhand,2006,Murder - Male Victims,1. Male Victims,10,230,2,0,5,79,134
West Bengal,2006,Murder - Male Victims,1. Male Victims,52,995,0,1,2,546,394
Andaman & Nicobar Islands,2007,Murder - Male Victims,1. Male Victims,2,9,NULL,NULL,NULL,3,4
Andhra Pradesh,2007,Murder - Male Victims,1. Male Victims,206,1964,8,19,29,874,828
Arunachal Pradesh,2007,Murder - Male Victims,1. Male Victims,1,65,0,0,0,41,23
Assam,2007,Murder - Male Victims,1. Male Victims,97,1286,1,0,1,766,421
Bihar,2007,Murder - Male Victims,1. Male Victims,152,2691,23,12,41,1451,1012
Chandigarh,2007,Murder - Male Victims,1. Male Victims,0,14,0,0,0,7,7
Chhattisgarh,2007,Murder - Male Victims,1. Male Victims,156,787,11,10,14,281,315
Dadra & Nagar Haveli,2007,Murder - Male Victims,1. Male Victims,NULL,6,NULL,1,NULL,1,4
Daman & Diu,2007,Murder - Male Victims,1. Male Victims,4,11,1,1,0,3,2
Delhi,2007,Murder - Male Victims,1. Male Victims,28,384,5,14,20,205,112
Goa,2007,Murder - Male Victims,1. Male Victims,4,18,NULL,NULL,NULL,3,11
Gujarat,2007,Murder - Male Victims,1. Male Victims,99,900,10,38,13,289,451
Haryana,2007,Murder - Male Victims,1. Male Victims,53,775,20,19,29,332,322
Himachal Pradesh,2007,Murder - Male Victims,1. Male Victims,14,97,2,3,1,31,46
Jammu & Kashmir,2007,Murder - Male Victims,1. Male Victims,16,326,0,0,0,170,140
Jharkhand,2007,Murder - Male Victims,1. Male Victims,102,1380,12,0,5,550,711
Karnataka,2007,Murder - Male Victims,1. Male Victims,133,1081,5,15,6,381,541
Kerala,2007,Murder - Male Victims,1. Male Victims,57,252,8,17,1,54,115
Madhya Pradesh,2007,Murder - Male Victims,1. Male Victims,217,1764,27,48,34,697,741
Maharashtra,2007,Murder - Male Victims,1. Male Victims,259,1779,24,92,27,654,723
Manipur,2007,Murder - Male Victims,1. Male Victims,8,275,1,1,4,140,121
Meghalaya,2007,Murder - Male Victims,1. Male Victims,9,107,3,0,7,36,52
Mizoram,2007,Murder - Male Victims,1. Male Victims,2,25,0,0,1,15,7
Nagaland,2007,Murder - Male Victims,1. Male Victims,3,104,0,0,1,42,58
Odisha,2007,Murder - Male Victims,1. Male Victims,38,863,10,4,11,395,405
Puducherry,2007,Murder - Male Victims,1. Male Victims,1,25,NULL,1,1,17,5
Punjab,2007,Murder - Male Victims,1. Male Victims,67,601,8,7,6,266,247
Rajasthan,2007,Murder - Male Victims,1. Male Victims,103,1040,17,18,26,393,483
Sikkim,2007,Murder - Male Victims,1. Male Victims,1,6,NULL,NULL,NULL,3,2
Tamil Nadu,2007,Murder - Male Victims,1. Male Victims,228,1107,6,18,2,346,507
Tripura,2007,Murder - Male Victims,1. Male Victims,17,100,4,NULL,2,33,44
Uttar Pradesh,2007,Murder - Male Victims,1. Male Victims,378,4283,97,37,102,2050,1619
Uttarakhand,2007,Murder - Male Victims,1. Male Victims,18,191,1,3,5,111,53
West Bengal,2007,Murder - Male Victims,1. Male Victims,57,1006,2,1,2,527,417
Andaman & Nicobar Islands,2008,Murder - Male Victims,1. Male Victims,2,6,NULL,NULL,NULL,2,2
Andhra Pradesh,2008,Murder - Male Victims,1. Male Victims,221,1932,14,11,55,855,776
Arunachal Pradesh,2008,Murder - Male Victims,1. Male Victims,2,71,0,0,0,40,29
Assam,2008,Murder - Male Victims,1. Male Victims,55,1323,1,0,0,790,477
Bihar,2008,Murder - Male Victims,1. Male Victims,96,2502,11,25,48,1401,921
Chandigarh,2008,Murder - Male Victims,1. Male Victims,1,11,0,0,0,7,3
Chhattisgarh,2008,Murder - Male Victims,1. Male Victims,112,806,12,13,29,282,358
Dadra & Nagar Haveli,2008,Murder - Male Victims,1. Male Victims,2,5,NULL,NULL,NULL,NULL,3
Daman & Diu,2008,Murder - Male Victims,1. Male Victims,0,2,0,0,NULL,0,2
Delhi,2008,Murder - Male Victims,1. Male Victims,36,473,8,21,15,139,254
Goa,2008,Murder - Male Victims,1. Male Victims,6,33,NULL,NULL,NULL,10,17
Gujarat,2008,Murder - Male Victims,1. Male Victims,78,805,6,23,8,312,378
Haryana,2008,Murder - Male Victims,1. Male Victims,100,785,6,4,8,307,360
Himachal Pradesh,2008,Murder - Male Victims,1. Male Victims,10,94,1,3,4,27,49
Jammu & Kashmir,2008,Murder - Male Victims,1. Male Victims,16,236,0,0,0,94,126
Jharkhand,2008,Murder - Male Victims,1. Male Victims,73,1431,0,2,6,726,624
Karnataka,2008,Murder - Male Victims,1. Male Victims,129,1176,11,58,18,428,532
Kerala,2008,Murder - Male Victims,1. Male Victims,54,251,5,14,NULL,62,116
Madhya Pradesh,2008,Murder - Male Victims,1. Male Victims,248,1835,55,11,11,695,815
Maharashtra,2008,Murder - Male Victims,1. Male Victims,262,1927,32,54,20,700,859
Manipur,2008,Murder - Male Victims,1. Male Victims,12,249,4,3,3,132,95
Meghalaya,2008,Murder - Male Victims,1. Male Victims,9,111,0,0,0,54,48
Mizoram,2008,Murder - Male Victims,1. Male Victims,0,33,0,0,0,23,10
Nagaland,2008,Murder - Male Victims,1. Male Victims,3,141,0,0,0,81,57
Odisha,2008,Murder - Male Victims,1. Male Victims,51,705,2,4,3,276,369
Puducherry,2008,Murder - Male Victims,1. Male Victims,3,27,NULL,1,NULL,12,11
Punjab,2008,Murder - Male Victims,1. Male Victims,66,596,4,7,6,266,247
Rajasthan,2008,Murder - Male Victims,1. Male Victims,101,1033,18,13,36,398,467
Sikkim,2008,Murder - Male Victims,1. Male Victims,NULL,6,NULL,NULL,2,1,3
Tamil Nadu,2008,Murder - Male Victims,1. Male Victims,234,1200,5,43,0,364,554
Tripura,2008,Murder - Male Victims,1. Male Victims,13,103,7,4,3,21,55
Uttar Pradesh,2008,Murder - Male Victims,1. Male Victims,331,3859,69,30,119,1927,1383
Uttarakhand,2008,Murder - Male Victims,1. Male Victims,25,213,NULL,1,2,139,46
West Bengal,2008,Murder - Male Victims,1. Male Victims,149,1561,5,1,9,735,662
Andaman & Nicobar Islands,2009,Murder - Male Victims,1. Male Victims,NULL,10,NULL,2,NULL,3,5
Andhra Pradesh,2009,Murder - Male Victims,1. Male Victims,184,1675,12,12,22,668,777
Arunachal Pradesh,2009,Murder - Male Victims,1. Male Victims,0,58,0,0,0,30,28
Assam,2009,Murder - Male Victims,1. Male Victims,40,1226,0,0,4,784,398
Bihar,2009,Murder - Male Victims,1. Male Victims,125,2507,21,13,51,1419,878
Chandigarh,2009,Murder - Male Victims,1. Male Victims,1,19,0,1,0,11,6
Chhattisgarh,2009,Murder - Male Victims,1. Male Victims,117,757,9,24,27,231,349
Dadra & Nagar Haveli,2009,Murder - Male Victims,1. Male Victims,1,4,NULL,1,NULL,1,1
Daman & Diu,2009,Murder - Male Victims,1. Male Victims,NULL,4,NULL,NULL,NULL,1,3
Delhi,2009,Murder - Male Victims,1. Male Victims,23,445,17,17,28,243,117
Goa,2009,Murder - Male Victims,1. Male Victims,3,26,0,2,0,8,13
Gujarat,2009,Murder - Male Victims,1. Male Victims,56,734,9,24,4,266,375
Haryana,2009,Murder - Male Victims,1. Male Victims,83,786,4,2,9,331,357
Himachal Pradesh,2009,Murder - Male Victims,1. Male Victims,14,94,1,0,2,31,46
Jammu & Kashmir,2009,Murder - Male Victims,1. Male Victims,10,216,0,1,3,98,104
Jharkhand,2009,Murder - Male Victims,1. Male Victims,81,1435,1,3,5,609,736
Karnataka,2009,Murder - Male Victims,1. Male Victims,121,1073,14,12,5,363,558
Kerala,2009,Murder - Male Victims,1. Male Victims,58,260,7,25,1,60,109
Madhya Pradesh,2009,Murder - Male Victims,1. Male Victims,257,1777,20,42,25,672,761
Maharashtra,2009,Murder - Male Victims,1. Male Victims,216,1712,11,63,20,681,721
Manipur,2009,Murder - Male Victims,1. Male Victims,16,156,1,2,3,56,78
Meghalaya,2009,Murder - Male Victims,1. Male Victims,7,106,2,0,3,69,25
Mizoram,2009,Murder - Male Victims,1. Male Victims,NULL,28,NULL,NULL,NULL,8,20
Nagaland,2009,Murder - Male Victims,1. Male Victims,1,40,0,0,0,21,18
Odisha,2009,Murder - Male Victims,1. Male Victims,118,806,0,1,8,336,343
Puducherry,2009,Murder - Male Victims,1. Male Victims,2,29,NULL,NULL,NULL,13,14
Punjab,2009,Murder - Male Victims,1. Male Victims,42,658,15,18,20,251,312
Rajasthan,2009,Murder - Male Victims,1. Male Victims,124,1089,16,16,36,424,473
Sikkim,2009,Murder - Male Victims,1. Male Victims,1,14,NULL,2,NULL,7,4
Tamil Nadu,2009,Murder - Male Victims,1. Male Victims,246,1270,8,36,5,364,611
Tripura,2009,Murder - Male Victims,1. Male Victims,7,91,2,6,0,34,42
Uttar Pradesh,2009,Murder - Male Victims,1. Male Victims,354,3724,89,33,85,1816,1347
Uttarakhand,2009,Murder - Male Victims,1. Male Victims,13,144,1,1,1,72,56
West Bengal,2009,Murder - Male Victims,1. Male Victims,88,1468,3,3,6,708,660
Andaman & Nicobar Islands,2010,Murder - Male Victims,1. Male Victims,NULL,5,NULL,NULL,NULL,2,3
Andhra Pradesh,2010,Murder - Male Victims,1. Male Victims,325,1914,16,7,13,962,591
Arunachal Pradesh,2010,Murder - Male Victims,1. Male Victims,0,73,0,0,0,53,20
Assam,2010,Murder - Male Victims,1. Male Victims,46,1137,NULL,NULL,10,712,369
Bihar,2010,Murder - Male Victims,1. Male Victims,194,2700,30,16,82,1491,887
Chandigarh,2010,Murder - Male Victims,1. Male Victims,3,20,0,1,0,5,11
Chhattisgarh,2010,Murder - Male Victims,1. Male Victims,105,708,8,19,31,231,314
Dadra & Nagar Haveli,2010,Murder - Male Victims,1. Male Victims,NULL,5,NULL,NULL,NULL,NULL,5
Daman & Diu,2010,Murder - Male Victims,1. Male Victims,0,5,0,0,0,4,1
Delhi,2010,Murder - Male Victims,1. Male Victims,25,458,8,6,14,238,167
Goa,2010,Murder - Male Victims,1. Male Victims,2,28,0,0,0,9,17
Gujarat,2010,Murder - Male Victims,1. Male Victims,89,814,14,27,7,312,365
Haryana,2010,Murder - Male Victims,1. Male Victims,65,831,6,4,8,367,381
Himachal Pradesh,2010,Murder - Male Victims,1. Male Victims,17,105,0,2,3,31,52
Jammu & Kashmir,2010,Murder - Male Victims,1. Male Victims,19,205,0,0,0,91,95
Jharkhand,2010,Murder - Male Victims,1. Male Victims,65,1496,2,4,1,895,529
Karnataka,2010,Murder - Male Victims,1. Male Victims,130,1147,3,18,4,481,511
Kerala,2010,Murder - Male Victims,1. Male Victims,55,279,3,23,1,60,137
Madhya Pradesh,2010,Murder - Male Victims,1. Male Victims,244,1890,27,34,40,732,813
Maharashtra,2010,Murder - Male Victims,1. Male Victims,238,1790,18,91,20,670,753
Manipur,2010,Murder - Male Victims,1. Male Victims,8,82,2,0,0,26,46
Meghalaya,2010,Murder - Male Victims,1. Male Victims,8,126,0,0,1,64,53
Mizoram,2010,Murder - Male Victims,1. Male Victims,8,40,0,0,1,8,23
Nagaland,2010,Murder - Male Victims,1. Male Victims,7,42,0,0,0,19,16
Odisha,2010,Murder - Male Victims,1. Male Victims,72,783,0,5,1,304,401
Puducherry,2010,Murder - Male Victims,1. Male Victims,8,30,NULL,NULL,NULL,10,12
Punjab,2010,Murder - Male Victims,1. Male Victims,65,703,3,10,12,277,336
Rajasthan,2010,Murder - Male Victims,1. Male Victims,103,1115,14,15,33,437,513
Sikkim,2010,Murder - Male Victims,1. Male Victims,3,9,NULL,1,NULL,1,4
Tamil Nadu,2010,Murder - Male Victims,1. Male Victims,227,1279,8,25,7,414,598
Tripura,2010,Murder - Male Victims,1. Male Victims,16,96,1,0,0,36,43
Uttar Pradesh,2010,Murder - Male Victims,1. Male Victims,288,3597,52,76,79,1937,1165
Uttarakhand,2010,Murder - Male Victims,1. Male Victims,13,132,1,NULL,NULL,66,52
West Bengal,2010,Murder - Male Victims,1. Male Victims,84,1522,5,0,4,635,794
Andaman & Nicobar Islands,2001,Murder - Total Victims,3. Total,NULL,13,1,NULL,NULL,7,5
Andhra Pradesh,2001,Murder - Total Victims,3. Total,282,2783,74,73,131,1096,1127
Arunachal Pradesh,2001,Murder - Total Victims,3. Total,6,83,0,0,0,41,36
Assam,2001,Murder - Total Victims,3. Total,78,1356,38,21,192,622,405
Bihar,2001,Murder - Total Victims,3. Total,239,3643,2,2,196,1675,1529
Chandigarh,2001,Murder - Total Victims,3. Total,4,15,0,0,0,5,6
Chhattisgarh,2001,Murder - Total Victims,3. Total,205,1657,26,68,68,555,735
Dadra & Nagar Haveli,2001,Murder - Total Victims,3. Total,NULL,3,NULL,NULL,NULL,1,2
Delhi,2001,Murder - Total Victims,3. Total,42,574,12,25,21,305,169
Goa,2001,Murder - Total Victims,3. Total,3,37,NULL,1,NULL,15,18
Gujarat,2001,Murder - Total Victims,3. Total,113,1280,20,107,26,467,547
Haryana,2001,Murder - Total Victims,3. Total,44,818,12,36,62,358,306
Himachal Pradesh,2001,Murder - Total Victims,3. Total,14,122,1,4,2,40,61
Jammu & Kashmir,2001,Murder - Total Victims,3. Total,191,1412,50,10,187,453,521
Jharkhand,2001,Murder - Total Victims,3. Total,160,1507,3,4,160,596,584
Karnataka,2001,Murder - Total Victims,3. Total,181,1678,22,80,60,700,635
Kerala,2001,Murder - Total Victims,3. Total,79,489,13,63,17,113,204
Lakshadweep,2001,Murder - Total Victims,3. Total,0,2,1,1,0,0,0
Madhya Pradesh,2001,Murder - Total Victims,3. Total,101,2425,38,73,166,974,1073
Maharashtra,2001,Murder - Total Victims,3. Total,297,2950,56,189,80,1295,1033
Manipur,2001,Murder - Total Victims,3. Total,11,233,NULL,2,8,139,73
Meghalaya,2001,Murder - Total Victims,3. Total,1,169,0,0,0,116,52
Mizoram,2001,Murder - Total Victims,3. Total,2,31,0,0,3,17,9
Nagaland,2001,Murder - Total Victims,3. Total,3,109,1,0,5,64,36
Odisha,2001,Murder - Total Victims,3. Total,72,1005,2,0,56,490,385
Puducherry,2001,Murder - Total Victims,3. Total,3,25,NULL,NULL,1,10,11
Punjab,2001,Murder - Total Victims,3. Total,54,787,10,10,56,358,299
Rajasthan,2001,Murder - Total Victims,3. Total,133,1275,18,18,47,497,562
Sikkim,2001,Murder - Total Victims,3. Total,2,19,NULL,1,NULL,8,8
Tamil Nadu,2001,Murder - Total Victims,3. Total,170,1662,16,8,249,565,654
Tripura,2001,Murder - Total Victims,3. Total,22,240,6,NULL,17,93,102
Uttar Pradesh,2001,Murder - Total Victims,3. Total,824,8180,158,39,292,3724,3143
Uttarakhand,2001,Murder - Total Victims,3. Total,31,381,5,4,4,124,213
West Bengal,2001,Murder - Total Victims,3. Total,94,1673,2,1,3,889,684
Andaman & Nicobar Islands,2002,Murder - Total Victims,3. Total,2,17,0,0,1,6,8
Andhra Pradesh,2002,Murder - Total Victims,3. Total,275,2651,20,12,13,1320,1011
Arunachal Pradesh,2002,Murder - Total Victims,3. Total,NULL,61,NULL,NULL,0,34,27
Assam,2002,Murder - Total Victims,3. Total,25,1253,0,2,0,827,399
Bihar,2002,Murder - Total Victims,3. Total,161,3831,3,7,5,2116,1539
Chandigarh,2002,Murder - Total Victims,3. Total,3,31,0,3,0,12,13
Chhattisgarh,2002,Murder - Total Victims,3. Total,106,844,7,24,4,264,439
Dadra & Nagar Haveli,2002,Murder - Total Victims,3. Total,1,11,0,0,0,2,8
Daman & Diu,2002,Murder - Total Victims,3. Total,0,8,0,0,0,5,3
Delhi,2002,Murder - Total Victims,3. Total,40,541,11,14,10,312,154
Goa,2002,Murder - Total Victims,3. Total,10,31,NULL,1,1,10,9
Gujarat,2002,Murder - Total Victims,3. Total,256,2327,41,129,42,975,884
Haryana,2002,Murder - Total Victims,3. Total,38,811,11,6,5,433,318
Himachal Pradesh,2002,Murder - Total Victims,3. Total,14,132,1,5,4,55,53
Jammu & Kashmir,2002,Murder - Total Victims,3. Total,94,1307,0,0,2,564,647
Jharkhand,2002,Murder - Total Victims,3. Total,294,1488,2,3,3,635,551
Karnataka,2002,Murder - Total Victims,3. Total,156,1704,3,18,7,826,694
Kerala,2002,Murder - Total Victims,3. Total,77,454,9,64,7,118,179
Madhya Pradesh,2002,Murder - Total Victims,3. Total,215,2395,12,8,74,1149,937
Maharashtra,2002,Murder - Total Victims,3. Total,353,2991,54,156,45,1191,1192
Manipur,2002,Murder - Total Victims,3. Total,6,222,0,0,0,130,86
Meghalaya,2002,Murder - Total Victims,3. Total,4,184,0,1,2,79,98
Mizoram,2002,Murder - Total Victims,3. Total,2,29,0,0,0,23,4
Nagaland,2002,Murder - Total Victims,3. Total,1,108,2,0,7,72,26
Odisha,2002,Murder - Total Victims,3. Total,73,1148,2,5,0,579,489
Puducherry,2002,Murder - Total Victims,3. Total,2,31,NULL,2,NULL,7,20
Punjab,2002,Murder - Total Victims,3. Total,49,772,5,4,4,319,391
Rajasthan,2002,Murder - Total Victims,3. Total,108,1324,2,15,3,563,633
Sikkim,2002,Murder - Total Victims,3. Total,NULL,13,NULL,NULL,2,4,7
Tamil Nadu,2002,Murder - Total Victims,3. Total,263,1787,12,29,4,771,708
Tripura,2002,Murder - Total Victims,3. Total,22,201,NULL,NULL,0,105,74
Uttar Pradesh,2002,Murder - Total Victims,3. Total,566,7538,191,36,311,3548,2886
Uttarakhand,2002,Murder - Total Victims,3. Total,22,335,4,NULL,3,100,206
West Bengal,2002,Murder - Total Victims,3. Total,61,1453,0,3,0,852,537
Andaman & Nicobar Islands,2003,Murder - Total Victims,3. Total,2,21,0,1,0,8,10
Andhra Pradesh,2003,Murder - Total Victims,3. Total,281,2914,39,25,55,1370,1144
Arunachal Pradesh,2003,Murder - Total Victims,3. Total,0,77,0,0,0,64,13
Assam,2003,Murder - Total Victims,3. Total,59,1191,0,2,0,639,491
Bihar,2003,Murder - Total Victims,3. Total,205,3772,2,5,5,1872,1683
Chandigarh,2003,Murder - Total Victims,3. Total,1,21,2,1,0,8,9
Chhattisgarh,2003,Murder - Total Victims,3. Total,95,797,12,25,3,312,350
Dadra & Nagar Haveli,2003,Murder - Total Victims,3. Total,2,11,NULL,NULL,NULL,4,5
Daman & Diu,2003,Murder - Total Victims,3. Total,3,6,0,0,0,0,3
Delhi,2003,Murder - Total Victims,3. Total,48,502,16,19,19,254,146
Goa,2003,Murder - Total Victims,3. Total,6,34,NULL,NULL,NULL,11,17
Gujarat,2003,Murder - Total Victims,3. Total,115,1164,6,61,16,457,509
Haryana,2003,Murder - Total Victims,3. Total,39,748,2,3,19,401,284
Himachal Pradesh,2003,Murder - Total Victims,3. Total,9,130,2,5,2,43,69
Jammu & Kashmir,2003,Murder - Total Victims,3. Total,82,1115,0,0,0,432,601
Jharkhand,2003,Murder - Total Victims,3. Total,115,1482,3,7,2,683,672
Karnataka,2003,Murder - Total Victims,3. Total,150,1576,23,91,71,648,593
Kerala,2003,Murder - Total Victims,3. Total,78,435,4,22,5,120,206
Madhya Pradesh,2003,Murder - Total Victims,3. Total,154,2227,25,41,99,984,924
Maharashtra,2003,Murder - Total Victims,3. Total,374,2951,44,142,41,1250,1100
Manipur,2003,Murder - Total Victims,3. Total,9,185,0,1,0,117,58
Meghalaya,2003,Murder - Total Victims,3. Total,4,175,0,1,13,64,93
Mizoram,2003,Murder - Total Victims,3. Total,1,46,NULL,1,4,16,24
Nagaland,2003,Murder - Total Victims,3. Total,0,91,0,0,0,70,21
Odisha,2003,Murder - Total Victims,3. Total,86,1102,4,8,13,541,450
Puducherry,2003,Murder - Total Victims,3. Total,5,30,1,1,NULL,11,12
Punjab,2003,Murder - Total Victims,3. Total,74,769,5,12,8,338,332
Rajasthan,2003,Murder - Total Victims,3. Total,136,1284,7,13,6,560,562
Sikkim,2003,Murder - Total Victims,3. Total,2,16,NULL,1,1,9,3
Tamil Nadu,2003,Murder - Total Victims,3. Total,280,1654,11,11,40,596,716
Tripura,2003,Murder - Total Victims,3. Total,30,254,NULL,NULL,0,135,89
Uttar Pradesh,2003,Murder - Total Victims,3. Total,487,5284,145,35,292,2438,1887
Uttarakhand,2003,Murder - Total Victims,3. Total,18,293,0,0,3,115,157
West Bengal,2003,Murder - Total Victims,3. Total,62,1464,2,3,4,792,601
Andaman & Nicobar Islands,2004,Murder - Total Victims,3. Total,2,15,0,1,0,2,10
Andhra Pradesh,2004,Murder - Total Victims,3. Total,285,2640,25,35,29,1157,1109
Arunachal Pradesh,2004,Murder - Total Victims,3. Total,3,67,0,0,0,36,28
Assam,2004,Murder - Total Victims,3. Total,72,1214,0,1,0,691,450
Bihar,2004,Murder - Total Victims,3. Total,188,3948,13,4,4,2175,1564
Chandigarh,2004,Murder - Total Victims,3. Total,2,22,0,2,1,8,9
Chhattisgarh,2004,Murder - Total Victims,3. Total,123,927,11,20,30,331,412
Dadra & Nagar Haveli,2004,Murder - Total Victims,3. Total,1,11,0,2,1,3,4
Daman & Diu,2004,Murder - Total Victims,3. Total,NULL,3,NULL,NULL,NULL,2,1
Delhi,2004,Murder - Total Victims,3. Total,48,510,21,34,22,221,164
Goa,2004,Murder - Total Victims,3. Total,8,42,1,1,NULL,15,17
Gujarat,2004,Murder - Total Victims,3. Total,104,1169,7,84,12,472,490
Haryana,2004,Murder - Total Victims,3. Total,46,742,1,0,22,378,295
Himachal Pradesh,2004,Murder - Total Victims,3. Total,20,110,3,3,3,37,44
Jammu & Kashmir,2004,Murder - Total Victims,3. Total,82,989,NULL,1,NULL,496,410
Jharkhand,2004,Murder - Total Victims,3. Total,115,1488,3,7,2,686,675
Karnataka,2004,Murder - Total Victims,3. Total,163,1567,3,47,4,745,605
Kerala,2004,Murder - Total Victims,3. Total,91,427,8,40,5,94,189
Madhya Pradesh,2004,Murder - Total Victims,3. Total,275,2380,22,8,114,1088,873
Maharashtra,2004,Murder - Total Victims,3. Total,291,2777,28,125,52,1176,1105
Manipur,2004,Murder - Total Victims,3. Total,10,193,0,0,0,125,58
Meghalaya,2004,Murder - Total Victims,3. Total,1,157,0,0,1,103,52
Mizoram,2004,Murder - Total Victims,3. Total,6,35,0,0,0,15,14
Nagaland,2004,Murder - Total Victims,3. Total,0,73,0,0,0,36,37
Odisha,2004,Murder - Total Victims,3. Total,63,1137,4,2,3,610,455
Puducherry,2004,Murder - Total Victims,3. Total,2,25,NULL,1,NULL,12,10
Punjab,2004,Murder - Total Victims,3. Total,77,802,8,23,11,334,349
Rajasthan,2004,Murder - Total Victims,3. Total,161,1292,6,8,7,568,542
Sikkim,2004,Murder - Total Victims,3. Total,3,18,0,3,0,4,8
Tamil Nadu,2004,Murder - Total Victims,3. Total,245,1544,13,66,4,612,604
Tripura,2004,Murder - Total Victims,3. Total,22,226,3,0,2,124,75
Uttar Pradesh,2004,Murder - Total Victims,3. Total,550,6665,218,116,347,2837,2597
Uttarakhand,2004,Murder - Total Victims,3. Total,25,267,0,4,0,130,108
West Bengal,2004,Murder - Total Victims,3. Total,65,1433,1,1,0,736,630
Andaman & Nicobar Islands,2005,Murder - Total Victims,3. Total,1,15,NULL,1,NULL,5,8
Andhra Pradesh,2005,Murder - Total Victims,3. Total,313,2928,21,38,28,1277,1251
Arunachal Pradesh,2005,Murder - Total Victims,3. Total,2,81,0,0,0,59,20
Assam,2005,Murder - Total Victims,3. Total,76,1194,4,0,9,714,391
Bihar,2005,Murder - Total Victims,3. Total,189,3471,10,14,13,2160,1085
Chandigarh,2005,Murder - Total Victims,3. Total,1,18,0,3,0,7,7
Chhattisgarh,2005,Murder - Total Victims,3. Total,123,1050,14,11,12,405,485
Dadra & Nagar Haveli,2005,Murder - Total Victims,3. Total,2,7,NULL,1,1,2,1
Daman & Diu,2005,Murder - Total Victims,3. Total,NULL,5,1,NULL,NULL,4,NULL
Delhi,2005,Murder - Total Victims,3. Total,40,533,12,17,7,284,173
Goa,2005,Murder - Total Victims,3. Total,5,49,1,3,NULL,14,26
Gujarat,2005,Murder - Total Victims,3. Total,115,1103,17,70,12,418,471
Haryana,2005,Murder - Total Victims,3. Total,82,812,8,9,21,366,326
Himachal Pradesh,2005,Murder - Total Victims,3. Total,15,118,0,6,4,40,53
Jammu & Kashmir,2005,Murder - Total Victims,3. Total,45,746,0,4,0,425,272
Jharkhand,2005,Murder - Total Victims,3. Total,130,1523,29,5,113,452,794
Karnataka,2005,Murder - Total Victims,3. Total,182,1673,2,39,6,779,665
Kerala,2005,Murder - Total Victims,3. Total,92,431,11,54,4,87,183
Lakshadweep,2005,Murder - Total Victims,3. Total,NULL,1,NULL,NULL,NULL,1,0
Madhya Pradesh,2005,Murder - Total Victims,3. Total,285,2428,35,35,80,1019,974
Maharashtra,2005,Murder - Total Victims,3. Total,292,2745,43,154,45,1122,1089
Manipur,2005,Murder - Total Victims,3. Total,6,295,1,1,1,186,100
Meghalaya,2005,Murder - Total Victims,3. Total,6,138,1,3,7,57,64
Mizoram,2005,Murder - Total Victims,3. Total,6,35,0,0,0,15,14
Nagaland,2005,Murder - Total Victims,3. Total,5,91,0,0,0,48,38
Odisha,2005,Murder - Total Victims,3. Total,87,1133,3,3,4,535,501
Puducherry,2005,Murder - Total Victims,3. Total,3,19,NULL,NULL,NULL,8,8
Punjab,2005,Murder - Total Victims,3. Total,68,744,9,11,6,331,319
Rajasthan,2005,Murder - Total Victims,3. Total,124,1246,11,21,25,523,542
Sikkim,2005,Murder - Total Victims,3. Total,1,9,1,NULL,0,3,4
Tamil Nadu,2005,Murder - Total Victims,3. Total,248,1511,10,54,3,552,644
Tripura,2005,Murder - Total Victims,3. Total,14,158,NULL,1,0,91,52
Uttar Pradesh,2005,Murder - Total Victims,3. Total,554,6365,124,44,222,3120,2301
Uttarakhand,2005,Murder - Total Victims,3. Total,29,290,2,4,0,127,128
West Bengal,2005,Murder - Total Victims,3. Total,74,1454,2,0,0,942,436
Andaman & Nicobar Islands,2006,Murder - Total Victims,3. Total,2,5,NULL,NULL,NULL,1,2
Andhra Pradesh,2006,Murder - Total Victims,3. Total,392,2940,20,28,15,1367,1118
Arunachal Pradesh,2006,Murder - Total Victims,3. Total,0,60,0,0,0,40,20
Assam,2006,Murder - Total Victims,3. Total,83,1207,4,0,7,691,422
Bihar,2006,Murder - Total Victims,3. Total,111,3249,2,3,7,1933,1193
Chandigarh,2006,Murder - Total Victims,3. Total,5,14,0,1,0,2,6
Chhattisgarh,2006,Murder - Total Victims,3. Total,141,1098,12,12,24,427,482
Dadra & Nagar Haveli,2006,Murder - Total Victims,3. Total,1,9,0,1,0,3,4
Daman & Diu,2006,Murder - Total Victims,3. Total,0,7,0,2,0,3,2
Delhi,2006,Murder - Total Victims,3. Total,28,488,12,30,24,283,111
Goa,2006,Murder - Total Victims,3. Total,11,40,NULL,NULL,2,12,15
Gujarat,2006,Murder - Total Victims,3. Total,96,1214,17,80,13,497,511
Haryana,2006,Murder - Total Victims,3. Total,56,899,9,0,21,404,409
Himachal Pradesh,2006,Murder - Total Victims,3. Total,12,129,1,4,0,48,64
Jammu & Kashmir,2006,Murder - Total Victims,3. Total,17,641,1,2,7,324,290
Jharkhand,2006,Murder - Total Victims,3. Total,258,1492,18,12,109,557,538
Karnataka,2006,Murder - Total Victims,3. Total,164,1677,13,58,8,757,677
Kerala,2006,Murder - Total Victims,3. Total,78,426,4,65,3,102,174
Madhya Pradesh,2006,Murder - Total Victims,3. Total,362,2330,36,48,76,900,908
Maharashtra,2006,Murder - Total Victims,3. Total,367,2961,38,159,54,1208,1135
Manipur,2006,Murder - Total Victims,3. Total,17,238,2,0,5,127,87
Meghalaya,2006,Murder - Total Victims,3. Total,3,157,0,2,5,82,65
Mizoram,2006,Murder - Total Victims,3. Total,0,25,0,0,0,20,5
Nagaland,2006,Murder - Total Victims,3. Total,2,123,1,4,4,77,35
Odisha,2006,Murder - Total Victims,3. Total,54,1167,4,3,11,560,535
Puducherry,2006,Murder - Total Victims,3. Total,3,30,NULL,NULL,1,12,14
Punjab,2006,Murder - Total Victims,3. Total,111,851,6,10,10,386,328
Rajasthan,2006,Murder - Total Victims,3. Total,145,1238,22,30,25,505,511
Sikkim,2006,Murder - Total Victims,3. Total,4,21,NULL,NULL,4,5,8
Tamil Nadu,2006,Murder - Total Victims,3. Total,236,1418,16,48,6,492,620
Tripura,2006,Murder - Total Victims,3. Total,18,165,2,1,NULL,71,73
Uttar Pradesh,2006,Murder - Total Victims,3. Total,510,5762,161,34,231,2813,2013
Uttarakhand,2006,Murder - Total Victims,3. Total,12,285,2,2,6,96,167
West Bengal,2006,Murder - Total Victims,3. Total,69,1442,0,1,2,881,489
Andaman & Nicobar Islands,2007,Murder - Total Victims,3. Total,3,15,NULL,NULL,NULL,6,6
Andhra Pradesh,2007,Murder - Total Victims,3. Total,273,2850,24,45,39,1289,1180
Arunachal Pradesh,2007,Murder - Total Victims,3. Total,1,68,0,0,0,44,23
Assam,2007,Murder - Total Victims,3. Total,97,1374,1,0,1,817,458
Bihar,2007,Murder - Total Victims,3. Total,166,3081,23,16,56,1688,1132
Chandigarh,2007,Murder - Total Victims,3. Total,1,20,0,2,0,10,7
Chhattisgarh,2007,Murder - Total Victims,3. Total,227,1097,15,13,17,381,444
Dadra & Nagar Haveli,2007,Murder - Total Victims,3. Total,0,10,NULL,1,NULL,3,6
Daman & Diu,2007,Murder - Total Victims,3. Total,4,12,1,1,0,4,2
Delhi,2007,Murder - Total Victims,3. Total,41,511,8,24,25,276,137
Goa,2007,Murder - Total Victims,3. Total,8,34,NULL,2,NULL,9,15
Gujarat,2007,Murder - Total Victims,3. Total,127,1214,15,71,18,406,577
Haryana,2007,Murder - Total Victims,3. Total,60,942,28,33,38,416,367
Himachal Pradesh,2007,Murder - Total Victims,3. Total,16,132,3,5,2,46,60
Jammu & Kashmir,2007,Murder - Total Victims,3. Total,18,366,0,0,0,196,152
Jharkhand,2007,Murder - Total Victims,3. Total,129,1617,13,2,10,637,826
Karnataka,2007,Murder - Total Victims,3. Total,174,1586,9,32,12,670,689
Kerala,2007,Murder - Total Victims,3. Total,85,393,9,39,5,88,167
Madhya Pradesh,2007,Murder - Total Victims,3. Total,281,2315,34,81,45,950,924
Maharashtra,2007,Murder - Total Victims,3. Total,348,2793,39,165,46,1175,1020
Manipur,2007,Murder - Total Victims,3. Total,10,295,1,1,6,148,129
Meghalaya,2007,Murder - Total Victims,3. Total,9,114,3,2,7,39,54
Mizoram,2007,Murder - Total Victims,3. Total,2,43,1,0,2,26,12
Nagaland,2007,Murder - Total Victims,3. Total,3,118,0,1,2,51,61
Odisha,2007,Murder - Total Victims,3. Total,44,1235,12,6,15,637,521
Puducherry,2007,Murder - Total Victims,3. Total,3,35,NULL,2,1,21,8
Punjab,2007,Murder - Total Victims,3. Total,85,826,13,10,10,386,322
Rajasthan,2007,Murder - Total Victims,3. Total,128,1359,29,28,32,536,606
Sikkim,2007,Murder - Total Victims,3. Total,1,9,1,NULL,NULL,5,2
Tamil Nadu,2007,Murder - Total Victims,3. Total,314,1711,14,49,5,607,722
Tripura,2007,Murder - Total Victims,3. Total,25,150,4,3,4,52,62
Uttar Pradesh,2007,Murder - Total Victims,3. Total,446,5182,160,61,176,2432,1907
Uttarakhand,2007,Murder - Total Victims,3. Total,25,268,4,5,5,164,65
West Bengal,2007,Murder - Total Victims,3. Total,78,1653,2,8,5,968,592
Andaman & Nicobar Islands,2008,Murder - Total Victims,3. Total,2,8,2,NULL,NULL,2,2
Andhra Pradesh,2008,Murder - Total Victims,3. Total,303,2762,21,36,64,1266,1072
Arunachal Pradesh,2008,Murder - Total Victims,3. Total,2,72,0,0,0,40,30
Assam,2008,Murder - Total Victims,3. Total,55,1426,1,0,0,851,519
Bihar,2008,Murder - Total Victims,3. Total,114,3139,19,37,60,1837,1072
Chandigarh,2008,Murder - Total Victims,3. Total,2,17,0,0,0,10,5
Chhattisgarh,2008,Murder - Total Victims,3. Total,152,1169,19,23,56,411,508
Dadra & Nagar Haveli,2008,Murder - Total Victims,3. Total,3,9,1,NULL,NULL,NULL,5
Daman & Diu,2008,Murder - Total Victims,3. Total,0,2,0,0,NULL,0,2
Delhi,2008,Murder - Total Victims,3. Total,43,589,9,25,17,202,293
Goa,2008,Murder - Total Victims,3. Total,11,53,1,2,0,18,21
Gujarat,2008,Murder - Total Victims,3. Total,107,1145,9,47,10,449,523
Haryana,2008,Murder - Total Victims,3. Total,112,970,11,7,13,404,423
Himachal Pradesh,2008,Murder - Total Victims,3. Total,14,130,3,4,7,37,65
Jammu & Kashmir,2008,Murder - Total Victims,3. Total,18,266,0,0,0,107,141
Jharkhand,2008,Murder - Total Victims,3. Total,98,1697,0,4,7,841,747
Karnataka,2008,Murder - Total Victims,3. Total,172,1800,28,107,32,700,761
Kerala,2008,Murder - Total Victims,3. Total,77,379,10,39,NULL,86,167
Lakshadweep,2008,Murder - Total Victims,3. Total,NULL,1,NULL,NULL,NULL,NULL,1
Madhya Pradesh,2008,Murder - Total Victims,3. Total,312,2351,68,22,17,930,1002
Maharashtra,2008,Murder - Total Victims,3. Total,335,2976,43,116,41,1241,1200
Manipur,2008,Murder - Total Victims,3. Total,12,268,4,5,3,141,103
Meghalaya,2008,Murder - Total Victims,3. Total,9,126,0,0,0,65,52
Mizoram,2008,Murder - Total Victims,3. Total,0,35,0,0,0,24,11
Nagaland,2008,Murder - Total Victims,3. Total,3,147,0,0,0,86,58
Odisha,2008,Murder - Total Victims,3. Total,98,1250,4,6,3,533,606
Puducherry,2008,Murder - Total Victims,3. Total,5,35,NULL,1,NULL,17,12
Punjab,2008,Murder - Total Victims,3. Total,83,815,9,10,13,386,314
Rajasthan,2008,Murder - Total Victims,3. Total,131,1320,24,21,48,527,569
Sikkim,2008,Murder - Total Victims,3. Total,NULL,9,NULL,NULL,2,4,3
Tamil Nadu,2008,Murder - Total Victims,3. Total,327,1824,8,88,4,597,800
Tripura,2008,Murder - Total Victims,3. Total,17,166,9,7,4,57,72
Uttar Pradesh,2008,Murder - Total Victims,3. Total,396,4699,124,60,192,2287,1640
Uttarakhand,2008,Murder - Total Victims,3. Total,28,261,NULL,1,2,168,62
West Bengal,2008,Murder - Total Victims,3. Total,165,1811,5,2,14,910,715
Andaman & Nicobar Islands,2009,Murder - Total Victims,3. Total,NULL,18,NULL,3,NULL,6,9
Andhra Pradesh,2009,Murder - Total Victims,3. Total,275,2475,18,30,29,1047,1076
Arunachal Pradesh,2009,Murder - Total Victims,3. Total,0,59,0,0,0,31,28
Assam,2009,Murder - Total Victims,3. Total,40,1323,0,0,4,846,433
Bihar,2009,Murder - Total Victims,3. Total,143,3179,26,22,78,1858,1052
Chandigarh,2009,Murder - Total Victims,3. Total,1,22,0,1,0,12,8
Chhattisgarh,2009,Murder - Total Victims,3. Total,161,1083,11,39,34,355,483
Dadra & Nagar Haveli,2009,Murder - Total Victims,3. Total,1,10,NULL,1,NULL,4,4
Daman & Diu,2009,Murder - Total Victims,3. Total,NULL,5,NULL,NULL,NULL,2,3
Delhi,2009,Murder - Total Victims,3. Total,41,571,21,30,30,291,158
Goa,2009,Murder - Total Victims,3. Total,6,57,0,3,1,22,25
Gujarat,2009,Murder - Total Victims,3. Total,90,1059,15,58,6,386,504
Haryana,2009,Murder - Total Victims,3. Total,98,1007,6,2,11,427,463
Himachal Pradesh,2009,Murder - Total Victims,3. Total,23,133,2,4,3,41,60
Jammu & Kashmir,2009,Murder - Total Victims,3. Total,14,262,0,1,3,124,120
Jharkhand,2009,Murder - Total Victims,3. Total,89,1636,2,4,5,728,808
Karnataka,2009,Murder - Total Victims,3. Total,187,1752,23,28,12,698,804
Kerala,2009,Murder - Total Victims,3. Total,76,369,11,42,6,80,154
Madhya Pradesh,2009,Murder - Total Victims,3. Total,334,2402,31,60,36,949,992
Maharashtra,2009,Murder - Total Victims,3. Total,320,2712,26,142,38,1171,1015
Manipur,2009,Murder - Total Victims,3. Total,18,174,2,4,4,61,85
Meghalaya,2009,Murder - Total Victims,3. Total,8,128,2,0,6,85,27
Mizoram,2009,Murder - Total Victims,3. Total,NULL,31,0,NULL,NULL,11,20
Nagaland,2009,Murder - Total Victims,3. Total,1,49,0,0,0,30,18
Odisha,2009,Murder - Total Victims,3. Total,158,1266,1,4,8,551,544
Puducherry,2009,Murder - Total Victims,3. Total,3,39,NULL,1,NULL,16,19
Punjab,2009,Murder - Total Victims,3. Total,56,861,21,33,28,343,380
Rajasthan,2009,Murder - Total Victims,3. Total,159,1417,24,29,44,574,587
Sikkim,2009,Murder - Total Victims,3. Total,1,20,NULL,3,NULL,10,6
Tamil Nadu,2009,Murder - Total Victims,3. Total,339,1857,14,81,10,578,835
Tripura,2009,Murder - Total Victims,3. Total,11,148,5,10,3,56,63
Uttar Pradesh,2009,Murder - Total Victims,3. Total,435,4679,145,71,156,2259,1613
Uttarakhand,2009,Murder - Total Victims,3. Total,14,195,2,2,1,110,66
West Bengal,2009,Murder - Total Victims,3. Total,113,2161,8,5,10,1117,908
Andaman & Nicobar Islands,2010,Murder - Total Victims,3. Total,NULL,10,NULL,NULL,2,2,6
Andhra Pradesh,2010,Murder - Total Victims,3. Total,468,2538,28,22,19,1197,804
Arunachal Pradesh,2010,Murder - Total Victims,3. Total,0,75,0,0,0,55,20
Assam,2010,Murder - Total Victims,3. Total,46,1223,NULL,NULL,10,763,404
Bihar,2010,Murder - Total Victims,3. Total,225,3362,44,26,132,1861,1074
Chandigarh,2010,Murder - Total Victims,3. Total,4,22,0,1,0,6,11
Chhattisgarh,2010,Murder - Total Victims,3. Total,145,1065,13,32,50,358,467
Dadra & Nagar Haveli,2010,Murder - Total Victims,3. Total,NULL,6,NULL,NULL,NULL,1,5
Daman & Diu,2010,Murder - Total Victims,3. Total,0,5,0,0,0,4,1
Delhi,2010,Murder - Total Victims,3. Total,39,577,11,10,18,293,206
Goa,2010,Murder - Total Victims,3. Total,2,35,0,0,1,14,18
Gujarat,2010,Murder - Total Victims,3. Total,110,1082,18,46,7,443,458
Haryana,2010,Murder - Total Victims,3. Total,79,1044,10,6,14,466,469
Himachal Pradesh,2010,Murder - Total Victims,3. Total,19,133,0,5,3,42,64
Jammu & Kashmir,2010,Murder - Total Victims,3. Total,22,235,0,1,0,106,106
Jharkhand,2010,Murder - Total Victims,3. Total,77,1752,2,4,2,1036,631
Karnataka,2010,Murder - Total Victims,3. Total,187,1878,6,45,9,858,773
Kerala,2010,Murder - Total Victims,3. Total,82,405,9,39,1,84,190
Madhya Pradesh,2010,Murder - Total Victims,3. Total,304,2441,40,55,49,978,1015
Maharashtra,2010,Murder - Total Victims,3. Total,322,2837,34,169,34,1222,1056
Manipur,2010,Murder - Total Victims,3. Total,9,101,2,0,0,31,59
Meghalaya,2010,Murder - Total Victims,3. Total,10,137,0,1,1,69,56
Mizoram,2010,Murder - Total Victims,3. Total,9,48,0,0,2,8,29
Nagaland,2010,Murder - Total Victims,3. Total,10,47,0,0,0,20,17
Odisha,2010,Murder - Total Victims,3. Total,104,1319,0,10,2,566,637
Puducherry,2010,Murder - Total Victims,3. Total,8,34,NULL,NULL,NULL,13,13
Punjab,2010,Murder - Total Victims,3. Total,86,945,9,21,18,384,427
Rajasthan,2010,Murder - Total Victims,3. Total,135,1421,22,29,42,567,626
Sikkim,2010,Murder - Total Victims,3. Total,3,17,1,2,NULL,4,7
Tamil Nadu,2010,Murder - Total Victims,3. Total,327,1908,13,63,16,650,839
Tripura,2010,Murder - Total Victims,3. Total,24,159,2,0,0,60,73
Uttar Pradesh,2010,Murder - Total Victims,3. Total,344,4456,82,138,126,2358,1408
Uttarakhand,2010,Murder - Total Victims,3. Total,19,176,1,NULL,2,91,63
West Bengal,2010,Murder - Total Victims,3. Total,120,2415,8,2,6,1177,1102

